"Date";"Value"
"03/01/1990";1832
"03/02/1990";1860
"03/05/1990";1874
"03/06/1990";1872
"03/07/1990";1880
"03/08/1990";1917
"03/09/1990";1921
"03/12/1990";1912
"03/13/1990";1924
"03/14/1990";1946
"03/15/1990";1964
"03/16/1990";1958
"03/19/1990";1936
"03/20/1990";1925
"03/21/1990";1938
"03/22/1990";1914
"03/23/1990";1937
"03/26/1990";1964
"03/27/1990";1946
"03/28/1990";1939
"03/29/1990";1947
"03/30/1990";1972
"04/02/1990";1947
"04/03/1990";1985
"04/04/1990";2001
"04/05/1990";2028
"04/06/1990";2070
"04/09/1990";2083
"04/10/1990";2075
"04/11/1990";2103
"04/12/1990";2117
"04/17/1990";2126
"04/18/1990";2098
"04/19/1990";2097
"04/20/1990";2129
"04/23/1990";2090
"04/24/1990";2101
"04/25/1990";2092
"04/26/1990";2072
"04/27/1990";2066
"04/30/1990";2046
"05/02/1990";2066
"05/03/1990";2099
"05/04/1990";2099
"05/07/1990";2120
"05/09/1990";2103
"05/10/1990";2104
"05/11/1990";2092
"05/14/1990";2090
"05/15/1990";2070
"05/16/1990";2071
"05/17/1990";2104
"05/18/1990";2100
"05/21/1990";2092
"05/22/1990";2115
"05/23/1990";2123
"05/25/1990";2112
"05/28/1990";2114
"05/29/1990";2123
"05/30/1990";2121
"05/31/1990";2107
"06/01/1990";2087
"06/05/1990";2069
"06/06/1990";2045
"06/07/1990";2045
"06/08/1990";2021
"06/11/1990";2001
"06/12/1990";2006
"06/13/1990";2026
"06/14/1990";2028
"06/15/1990";2012
"06/18/1990";1988
"06/19/1990";2000
"06/20/1990";2004
"06/21/1990";2008
"06/22/1990";2032
"06/25/1990";2040
"06/26/1990";2053
"06/27/1990";2034
"06/28/1990";2038
"06/29/1990";2035
"07/02/1990";2035
"07/03/1990";2031
"07/04/1990";2032
"07/05/1990";2000
"07/06/1990";2002
"07/09/1990";2002
"07/10/1990";1963
"07/11/1990";1970
"07/12/1990";1975
"07/13/1990";1998
"07/16/1990";2015
"07/17/1990";2019
"07/18/1990";2029
"07/19/1990";2023
"07/20/1990";2031
"07/23/1990";1990
"07/24/1990";1995
"07/25/1990";1998
"07/26/1990";1984
"07/27/1990";1965
"07/30/1990";1955
"07/31/1990";1965
"08/01/1990";1960
"08/02/1990";1916
"08/03/1990";1869
"08/06/1990";1774
"08/07/1990";1812
"08/08/1990";1757
"08/09/1990";1780
"08/10/1990";1778
"08/13/1990";1721
"08/14/1990";1712
"08/16/1990";1723
"08/17/1990";1665
"08/20/1990";1611
"08/21/1990";1546
"08/22/1990";1586
"08/23/1990";1553
"08/24/1990";1617
"08/27/1990";1700
"08/28/1990";1680
"08/29/1990";1698
"08/30/1990";1723
"08/31/1990";1690
"09/03/1990";1644
"09/04/1990";1621
"09/05/1990";1638
"09/06/1990";1609
"09/07/1990";1619
"09/10/1990";1662
"09/11/1990";1654
"09/12/1990";1648
"09/13/1990";1646
"09/14/1990";1615
"09/17/1990";1604
"09/18/1990";1580
"09/19/1990";1570
"09/20/1990";1540
"09/21/1990";1543
"09/24/1990";1503
"09/25/1990";1485
"09/26/1990";1499
"09/27/1990";1524
"09/28/1990";1499
"10/01/1990";1541
"10/02/1990";1573
"10/03/1990";1567
"10/04/1990";1553
"10/05/1990";1552
"10/08/1990";1586
"10/09/1990";1551
"10/10/1990";1540
"10/11/1990";1542
"10/12/1990";1575
"10/15/1990";1599
"10/16/1990";1602
"10/17/1990";1616
"10/18/1990";1647
"10/19/1990";1644
"10/22/1990";1640
"10/23/1990";1676
"10/24/1990";1667
"10/25/1990";1646
"10/26/1990";1618
"10/29/1990";1628
"10/30/1990";1613
"10/31/1990";1645
"11/02/1990";1639
"11/05/1990";1620
"11/06/1990";1613
"11/07/1990";1583
"11/08/1990";1570
"11/09/1990";1573
"11/12/1990";1597
"11/13/1990";1610
"11/14/1990";1599
"11/15/1990";1598
"11/16/1990";1612
"11/19/1990";1633
"11/20/1990";1633
"11/21/1990";1627
"11/22/1990";1639
"11/23/1990";1640
"11/26/1990";1607
"11/27/1990";1606
"11/28/1990";1601
"11/29/1990";1607
"11/30/1990";1605
"12/03/1990";1645
"12/04/1990";1646
"12/05/1990";1660
"12/06/1990";1693
"12/07/1990";1691
"12/10/1990";1675
"12/11/1990";1665
"12/12/1990";1668
"12/13/1990";1659
"12/14/1990";1635
"12/17/1990";1606
"12/18/1990";1591
"12/19/1990";1589
"12/20/1990";1553
"12/21/1990";1564
"12/26/1990";1537
"12/27/1990";1529
"12/28/1990";1509
"01/02/1991";1505
"01/03/1991";1539
"01/04/1991";1547
"01/07/1991";1508
"01/08/1991";1503
"01/09/1991";1552
"01/10/1991";1507
"01/11/1991";1495
"01/14/1991";1441
"01/15/1991";1457
"01/16/1991";1457
"01/17/1991";1560
"01/18/1991";1560
"01/21/1991";1553
"01/22/1991";1548
"01/23/1991";1522
"01/24/1991";1553
"01/25/1991";1563
"01/28/1991";1565
"01/29/1991";1554
"01/30/1991";1582
"01/31/1991";1580
"02/01/1991";1578
"02/04/1991";1581
"02/05/1991";1606
"02/06/1991";1598
"02/07/1991";1598
"02/08/1991";1622
"02/11/1991";1637
"02/12/1991";1626
"02/13/1991";1636
"02/14/1991";1652
"02/15/1991";1670
"02/18/1991";1695
"02/19/1991";1701
"02/20/1991";1693
"02/21/1991";1710
"02/22/1991";1717
"02/25/1991";1745
"02/26/1991";1712
"02/27/1991";1731
"02/28/1991";1760
"03/01/1991";1747
"03/04/1991";1766
"03/05/1991";1800
"03/06/1991";1821
"03/07/1991";1832
"03/08/1991";1828
"03/11/1991";1797
"03/12/1991";1795
"03/13/1991";1781
"03/14/1991";1816
"03/15/1991";1800
"03/18/1991";1778
"03/19/1991";1741
"03/20/1991";1752
"03/21/1991";1771
"03/22/1991";1772
"03/25/1991";1773
"03/26/1991";1775
"03/27/1991";1797
"03/28/1991";1816
"04/02/1991";1827
"04/03/1991";1852
"04/04/1991";1836
"04/05/1991";1852
"04/08/1991";1847
"04/09/1991";1846
"04/10/1991";1817
"04/11/1991";1825
"04/12/1991";1821
"04/15/1991";1822
"04/16/1991";1803
"04/17/1991";1829
"04/18/1991";1816
"04/19/1991";1791
"04/22/1991";1767
"04/23/1991";1782
"04/24/1991";1782
"04/25/1991";1777
"04/26/1991";1774
"04/29/1991";1797
"04/30/1991";1779
"05/02/1991";1824
"05/03/1991";1832
"05/06/1991";1828
"05/07/1991";1830
"05/10/1991";1850,3
"05/13/1991";1834,5
"05/14/1991";1805,6
"05/15/1991";1802,6
"05/16/1991";1826,3
"05/17/1991";1827
"05/21/1991";1833,1
"05/22/1991";1831,1
"05/23/1991";1813,7
"05/24/1991";1804,8
"05/27/1991";1801,5
"05/28/1991";1794,1
"05/29/1991";1825,2
"05/30/1991";1837,1
"05/31/1991";1861,8
"06/03/1991";1865,7
"06/04/1991";1851,3
"06/05/1991";1862,9
"06/06/1991";1863,9
"06/07/1991";1852,5
"06/10/1991";1846,3
"06/11/1991";1874,8
"06/12/1991";1846,9
"06/13/1991";1847,2
"06/14/1991";1858,2
"06/17/1991";1844,9
"06/18/1991";1830,6
"06/19/1991";1798,2
"06/20/1991";1793,7
"06/21/1991";1806,6
"06/24/1991";1775,6
"06/25/1991";1775,5
"06/26/1991";1760,5
"06/27/1991";1768
"06/28/1991";1747,6
"07/01/1991";1772,8
"07/02/1991";1750,5
"07/03/1991";1718
"07/04/1991";1708,1
"07/05/1991";1723,1
"07/08/1991";1714,3
"07/09/1991";1734,5
"07/10/1991";1757,4
"07/11/1991";1754
"07/12/1991";1754,3
"07/15/1991";1759,8
"07/16/1991";1755,5
"07/17/1991";1758,1
"07/18/1991";1757,5
"07/19/1991";1763,5
"07/22/1991";1762,8
"07/23/1991";1768,9
"07/24/1991";1778,1
"07/25/1991";1780,1
"07/26/1991";1767,7
"07/29/1991";1757,9
"07/30/1991";1756,6
"07/31/1991";1754,7
"08/01/1991";1766,8
"08/02/1991";1766,5
"08/05/1991";1762,2
"08/06/1991";1759,5
"08/07/1991";1782,4
"08/08/1991";1789,5
"08/09/1991";1783,5
"08/12/1991";1780,4
"08/13/1991";1808,8
"08/14/1991";1820,3
"08/19/1991";1687,5
"08/20/1991";1725,6
"08/21/1991";1792,9
"08/22/1991";1819,1
"08/23/1991";1833,5
"08/26/1991";1853,4
"08/27/1991";1849,7
"08/28/1991";1851,8
"08/29/1991";1857,7
"08/30/1991";1864,3
"09/02/1991";1863,5
"09/03/1991";1873,2
"09/04/1991";1860,8
"09/05/1991";1868,7
"09/06/1991";1860,4
"09/09/1991";1855,9
"09/10/1991";1840,5
"09/11/1991";1842,6
"09/12/1991";1861,2
"09/13/1991";1876,2
"09/16/1991";1878,3
"09/17/1991";1878,4
"09/18/1991";1869,4
"09/19/1991";1880,4
"09/20/1991";1885,5
"09/23/1991";1888,4
"09/24/1991";1885,2
"09/25/1991";1877,9
"09/26/1991";1876,5
"09/27/1991";1883,8
"09/30/1991";1880,6
"10/01/1991";1887,4
"10/02/1991";1878,3
"10/03/1991";1867,1
"10/04/1991";1851,9
"10/07/1991";1843,6
"10/08/1991";1848,1
"10/09/1991";1843,4
"10/10/1991";1843,6
"10/11/1991";1833,8
"10/14/1991";1833,4
"10/15/1991";1856,9
"10/16/1991";1863,4
"10/17/1991";1855,5
"10/18/1991";1864,2
"10/21/1991";1846
"10/22/1991";1836,8
"10/23/1991";1830,4
"10/24/1991";1831,6
"10/25/1991";1834,8
"10/28/1991";1852,1
"10/29/1991";1849,8
"10/30/1991";1861,8
"10/31/1991";1856,7
"11/04/1991";1841,5
"11/05/1991";1846,9
"11/06/1991";1836,1
"11/07/1991";1838,6
"11/08/1991";1857,6
"11/12/1991";1858,4
"11/13/1991";1846,8
"11/14/1991";1868,5
"11/15/1991";1863,2
"11/18/1991";1808,3
"11/19/1991";1765,1
"11/20/1991";1763,5
"11/21/1991";1766
"11/22/1991";1741,3
"11/25/1991";1743,3
"11/26/1991";1769
"11/27/1991";1757,9
"11/28/1991";1754,9
"11/29/1991";1739,7
"12/02/1991";1708,8
"12/03/1991";1722,2
"12/04/1991";1713,9
"12/05/1991";1703,2
"12/06/1991";1685,7
"12/09/1991";1663,4
"12/10/1991";1636,9
"12/11/1991";1645,6
"12/12/1991";1671,6
"12/13/1991";1688,3
"12/16/1991";1696,8
"12/17/1991";1711,7
"12/18/1991";1706,2
"12/19/1991";1684,2
"12/20/1991";1648,5
"12/23/1991";1633,6
"12/24/1991";1699,1
"12/26/1991";1722,5
"12/27/1991";1720,7
"12/30/1991";1741,9
"12/31/1991";1765,7
"01/02/1992";1749,9
"01/03/1992";1770,3
"01/06/1992";1787,6
"01/07/1992";1778,7
"01/08/1992";1785,6
"01/09/1992";1833,9
"01/10/1992";1837,4
"01/13/1992";1824,3
"01/14/1992";1843,8
"01/15/1992";1873,6
"01/16/1992";1860,2
"01/17/1992";1860,2
"01/20/1992";1865,9
"01/21/1992";1867,9
"01/22/1992";1841,3
"01/23/1992";1838,7
"01/24/1992";1849,9
"01/27/1992";1869,3
"01/28/1992";1890,6
"01/29/1992";1879,6
"01/30/1992";1873,9
"01/31/1992";1875,3
"02/03/1992";1857
"02/04/1992";1856,5
"02/05/1992";1865,8
"02/06/1992";1860,6
"02/07/1992";1861,6
"02/10/1992";1865,6
"02/11/1992";1864,1
"02/12/1992";1861,6
"02/13/1992";1876,5
"02/14/1992";1865,1
"02/17/1992";1882,1
"02/18/1992";1912,2
"02/19/1992";1915,4
"02/20/1992";1951,2
"02/21/1992";1962,4
"02/24/1992";1976,5
"02/25/1992";1953,5
"02/26/1992";1981,3
"02/27/1992";1985,1
"02/28/1992";1983,4
"03/02/1992";1979,7
"03/03/1992";1983,8
"03/04/1992";1988,1
"03/05/1992";1973
"03/06/1992";1966,9
"03/09/1992";1976,3
"03/10/1992";1993,9
"03/11/1992";1968
"03/12/1992";1941,8
"03/13/1992";1947,1
"03/16/1992";1929,2
"03/17/1992";1943,6
"03/18/1992";1928,2
"03/19/1992";1922
"03/20/1992";1919,1
"03/23/1992";1884,6
"03/24/1992";1896,3
"03/25/1992";1928,3
"03/26/1992";1934,8
"03/27/1992";1923,5
"03/30/1992";1943,8
"03/31/1992";1942,4
"04/01/1992";1928,1
"04/02/1992";1942
"04/03/1992";1942,7
"04/06/1992";1974,8
"04/07/1992";1975,4
"04/08/1992";1907,5
"04/09/1992";1943,6
"04/10/1992";1974,1
"04/13/1992";1963,3
"04/14/1992";1972,3
"04/15/1992";1990,7
"04/16/1992";1978,2
"04/21/1992";1980,4
"04/22/1992";1983,7
"04/23/1992";1978,1
"04/24/1992";1984,9
"04/27/1992";1995,7
"04/28/1992";2006,6
"04/29/1992";2036,7
"04/30/1992";2031,1
"05/04/1992";2041,6
"05/05/1992";2046,9
"05/06/1992";2047,2
"05/07/1992";2063,3999
"05/11/1992";2077,5
"05/12/1992";2063,6001
"05/13/1992";2053,2
"05/14/1992";2017
"05/15/1992";2024
"05/18/1992";2051,6001
"05/19/1992";2023,1
"05/20/1992";2030,8
"05/21/1992";2016,8
"05/22/1992";2045,1
"05/25/1992";2046,3
"05/26/1992";2029,6
"05/27/1992";2014,1
"05/29/1992";2033,3
"06/01/1992";2017,4
"06/02/1992";2024,9
"06/03/1992";1992,6
"06/04/1992";1994,9
"06/05/1992";1981,6
"06/09/1992";1962,2
"06/10/1992";1953,7
"06/11/1992";1928,8
"06/12/1992";1928,3
"06/15/1992";1918,1
"06/16/1992";1931,4
"06/17/1992";1908,8
"06/18/1992";1891,8
"06/19/1992";1913,9
"06/22/1992";1885,8
"06/23/1992";1895,8
"06/24/1992";1899,6
"06/25/1992";1920,3
"06/26/1992";1915,3
"06/29/1992";1907,3
"06/30/1992";1900,6
"07/01/1992";1880,9
"07/02/1992";1873,5
"07/03/1992";1883,6
"07/06/1992";1868,5
"07/07/1992";1879,1
"07/08/1992";1847,8
"07/09/1992";1861,8
"07/10/1992";1859,4
"07/15/1992";1853,3
"07/16/1992";1851,2
"07/17/1992";1801,8
"07/20/1992";1767,9
"07/21/1992";1762,7
"07/22/1992";1727,5
"07/23/1992";1734,6
"07/24/1992";1734,6
"07/27/1992";1755,4
"07/28/1992";1769
"07/29/1992";1801,6
"07/30/1992";1782,6
"07/31/1992";1754,7
"08/03/1992";1784,4
"08/04/1992";1787,6
"08/05/1992";1798
"08/06/1992";1793,8
"08/07/1992";1777,3
"08/10/1992";1755,2
"08/11/1992";1737,8
"08/12/1992";1730,1
"08/13/1992";1722,4
"08/14/1992";1753,5
"08/17/1992";1757,3
"08/18/1992";1736,7
"08/19/1992";1734,2
"08/20/1992";1724,2
"08/21/1992";1744,2
"08/24/1992";1689,7
"08/25/1992";1667,7
"08/26/1992";1667,8
"08/27/1992";1687,6
"08/28/1992";1687,5
"08/31/1992";1684,9
"09/01/1992";1674,2
"09/02/1992";1711,4
"09/03/1992";1780,5
"09/04/1992";1779
"09/07/1992";1779,3
"09/08/1992";1763,7
"09/09/1992";1756,8
"09/10/1992";1774,2
"09/11/1992";1802
"09/14/1992";1873,6
"09/15/1992";1836,2
"09/16/1992";1859,8
"09/17/1992";1852,7
"09/18/1992";1882,9
"09/21/1992";1826,1
"09/22/1992";1832,8
"09/23/1992";1828,9
"09/24/1992";1829,5
"09/25/1992";1843,5
"09/28/1992";1770,3
"09/29/1992";1731,9
"09/30/1992";1736,7
"10/01/1992";1724
"10/02/1992";1683,3
"10/05/1992";1611
"10/06/1992";1612,5
"10/07/1992";1654,2
"10/08/1992";1673,9
"10/09/1992";1657,3
"10/12/1992";1655,1
"10/13/1992";1685,1
"10/14/1992";1667,9
"10/15/1992";1650
"10/16/1992";1664,2
"10/19/1992";1679,1
"10/20/1992";1731,3
"10/21/1992";1722,2
"10/22/1992";1730,7
"10/23/1992";1766,4
"10/26/1992";1770,7
"10/27/1992";1774,5
"10/28/1992";1749,9
"10/29/1992";1730,9
"10/30/1992";1742,4
"11/03/1992";1786,9
"11/04/1992";1804,1
"11/05/1992";1804,7
"11/06/1992";1793,6
"11/09/1992";1786,7
"11/10/1992";1798,5
"11/12/1992";1821,5
"11/13/1992";1796,8
"11/16/1992";1772,7
"11/17/1992";1764,4
"11/18/1992";1759,2
"11/19/1992";1722,3
"11/20/1992";1724,2
"11/23/1992";1674,8
"11/24/1992";1720,6
"11/25/1992";1721
"11/26/1992";1739,7
"11/27/1992";1749,7
"11/30/1992";1771,4
"12/01/1992";1792,3
"12/02/1992";1783,3
"12/03/1992";1799,4
"12/04/1992";1781,7
"12/07/1992";1788,6
"12/08/1992";1765,9
"12/09/1992";1791,2
"12/10/1992";1769,5
"12/11/1992";1758,7
"12/14/1992";1738,3
"12/15/1992";1744,8
"12/16/1992";1736,7
"12/17/1992";1735,2
"12/18/1992";1760,1
"12/21/1992";1786,3
"12/22/1992";1824,4
"12/23/1992";1821,1
"12/24/1992";1854,6
"12/28/1992";1857,5
"12/29/1992";1870,3
"12/30/1992";1858,8
"12/31/1992";1857,8
"01/04/1993";1843,1
"01/05/1993";1850,8
"01/06/1993";1859,6
"01/07/1993";1844,5
"01/08/1993";1852,6
"01/11/1993";1814,6
"01/12/1993";1796,8
"01/13/1993";1782,5
"01/14/1993";1803,5
"01/15/1993";1827,1
"01/18/1993";1837,5
"01/19/1993";1837,7
"01/20/1993";1818,8
"01/21/1993";1812,2
"01/22/1993";1820,4
"01/25/1993";1779,9
"01/26/1993";1792,6
"01/27/1993";1777,4
"01/28/1993";1780,6
"01/29/1993";1772,2
"02/01/1993";1785,9
"02/02/1993";1787,3
"02/03/1993";1824,1
"02/04/1993";1854,4
"02/05/1993";1908,2
"02/08/1993";1904,7
"02/09/1993";1894,1
"02/10/1993";1893,3
"02/11/1993";1905,6
"02/12/1993";1912
"02/15/1993";1899,5
"02/16/1993";1878,2
"02/17/1993";1905
"02/18/1993";1926,5
"02/19/1993";1937,2
"02/22/1993";1959,2
"02/23/1993";1944,1
"02/24/1993";1953,4
"02/25/1993";1944,6
"02/26/1993";1983,7
"03/01/1993";1998,8
"03/02/1993";2001,5
"03/03/1993";1995,2
"03/04/1993";1986,8
"03/05/1993";1995,1
"03/08/1993";2004,3
"03/09/1993";2009,7
"03/10/1993";1992,4
"03/11/1993";1988,9
"03/12/1993";1965,2
"03/15/1993";1986
"03/16/1993";1975,3
"03/17/1993";1967,3
"03/18/1993";1963,5
"03/19/1993";1962,7
"03/22/1993";1939,3
"03/23/1993";1952,2
"03/24/1993";1954,6
"03/25/1993";2001,4
"03/26/1993";2025,8
"03/29/1993";2033,9
"03/30/1993";2035,9
"03/31/1993";2031,4
"04/01/1993";2005,9
"04/02/1993";1990,8
"04/05/1993";1974,7
"04/06/1993";1995,3
"04/07/1993";1984
"04/08/1993";1986,9
"04/13/1993";2018,1
"04/14/1993";2015,4
"04/15/1993";1988,6
"04/16/1993";1986,7
"04/19/1993";1968,9
"04/20/1993";1949,3
"04/21/1993";1931,9
"04/22/1993";1944,5
"04/23/1993";1916,6
"04/26/1993";1911,6
"04/27/1993";1927,4
"04/28/1993";1942,5
"04/29/1993";1920,6
"04/30/1993";1939
"05/03/1993";1937
"05/04/1993";1923,6
"05/05/1993";1926,3
"05/06/1993";1920,5
"05/07/1993";1878,6
"05/10/1993";1877,2
"05/11/1993";1854,5
"05/12/1993";1872,7
"05/13/1993";1879,9
"05/14/1993";1851,7
"05/17/1993";1835,7
"05/18/1993";1846,4
"05/19/1993";1836,8
"05/24/1993";1861,4
"05/25/1993";1891,1
"05/26/1993";1890,4
"05/27/1993";1904,6
"05/28/1993";1888,7
"06/01/1993";1872,8
"06/02/1993";1875,8
"06/03/1993";1867,9
"06/04/1993";1859,7
"06/07/1993";1887,9
"06/08/1993";1893,7
"06/09/1993";1915,2
"06/10/1993";1911,2
"06/11/1993";1920,4
"06/14/1993";1916,8
"06/15/1993";1897,9
"06/16/1993";1918,8
"06/17/1993";1900,3
"06/18/1993";1910,3
"06/21/1993";1929,2
"06/22/1993";1935,3
"06/23/1993";1942,4
"06/24/1993";1963,3
"06/25/1993";1960,8
"06/28/1993";1991
"06/29/1993";1977,5
"06/30/1993";1971,9
"07/01/1993";1960,2
"07/02/1993";1941,2
"07/05/1993";1925,4
"07/06/1993";1935,1
"07/07/1993";1943,7
"07/08/1993";1980,4
"07/09/1993";1985,7
"07/12/1993";1992,2
"07/13/1993";1991,2
"07/15/1993";1963,1
"07/16/1993";1974,9
"07/19/1993";1981,7
"07/20/1993";1968,4
"07/21/1993";1947,5
"07/22/1993";1965,7
"07/23/1993";1995
"07/26/1993";2006,2
"07/27/1993";1998,1
"07/28/1993";1989,5
"07/29/1993";2036
"07/30/1993";2085,8999
"08/02/1993";2129
"08/03/1993";2110,6001
"08/04/1993";2101,3999
"08/05/1993";2115,3
"08/06/1993";2149,8
"08/09/1993";2138,5
"08/10/1993";2139,8
"08/11/1993";2167,3999
"08/12/1993";2161,8999
"08/13/1993";2148
"08/17/1993";2136,3
"08/18/1993";2160,8
"08/19/1993";2139,2
"08/20/1993";2128,2
"08/23/1993";2111,3999
"08/24/1993";2123,3999
"08/25/1993";2159,3
"08/26/1993";2173,6001
"08/27/1993";2183,8999
"08/30/1993";2205,7
"08/31/1993";2216,5
"09/01/1993";2191,8999
"09/02/1993";2185,1001
"09/03/1993";2156,1001
"09/06/1993";2158
"09/07/1993";2137,3
"09/08/1993";2129,3999
"09/09/1993";2108,8
"09/10/1993";2108,3999
"09/13/1993";2119,1001
"09/14/1993";2134,1001
"09/15/1993";2078,5
"09/16/1993";2075,6001
"09/17/1993";2099,5
"09/20/1993";2107,3999
"09/21/1993";2094,3999
"09/22/1993";2080
"09/23/1993";2057,5
"09/24/1993";2092,6001
"09/27/1993";2108,6001
"09/28/1993";2120
"09/29/1993";2126,8
"09/30/1993";2114,6001
"10/01/1993";2116,7
"10/04/1993";2128,7
"10/05/1993";2158,8
"10/06/1993";2164,5
"10/07/1993";2147,3999
"10/08/1993";2156,3999
"10/11/1993";2138,7
"10/12/1993";2126,8999
"10/13/1993";2127,3
"10/14/1993";2113,8999
"10/15/1993";2139,3
"10/18/1993";2145
"10/19/1993";2147,3
"10/20/1993";2149,7
"10/21/1993";2199,7
"10/22/1993";2231,8999
"10/25/1993";2227,7
"10/26/1993";2210,3999
"10/27/1993";2192
"10/28/1993";2196
"10/29/1993";2182
"11/02/1993";2169,7
"11/03/1993";2171,2
"11/04/1993";2136
"11/05/1993";2081
"11/08/1993";2084,8
"11/09/1993";2112,8999
"11/10/1993";2087,3
"11/12/1993";2096,8999
"11/15/1993";2117,8999
"11/16/1993";2115,8999
"11/17/1993";2148
"11/18/1993";2149,7
"11/19/1993";2145,2
"11/22/1993";2082,6001
"11/23/1993";2071,5
"11/24/1993";2070,6001
"11/25/1993";2118,3999
"11/26/1993";2120,6001
"11/29/1993";2119,3
"11/30/1993";2110,1001
"12/01/1993";2154
"12/02/1993";2160,5
"12/03/1993";2188,3999
"12/06/1993";2186,7
"12/07/1993";2176,1001
"12/08/1993";2205,3
"12/09/1993";2211,3999
"12/10/1993";2198,1001
"12/13/1993";2196,3
"12/14/1993";2156,5
"12/15/1993";2162,6001
"12/16/1993";2160,3
"12/17/1993";2196,3999
"12/20/1993";2223,5
"12/21/1993";2215,8999
"12/22/1993";2225,8
"12/23/1993";2243
"12/24/1993";2251,5
"12/27/1993";2276,6001
"12/28/1993";2264,6001
"12/29/1993";2281,8999
"12/30/1993";2281,2
"12/31/1993";2268,2
"01/03/1994";2290,6001
"01/04/1994";2274,3
"01/05/1994";2249,6001
"01/06/1994";2275,1001
"01/07/1994";2307,6001
"01/10/1994";2317,3
"01/11/1994";2331,3
"01/12/1994";2281,8999
"01/13/1994";2252,2
"01/14/1994";2262,3
"01/17/1994";2234,8
"01/18/1994";2247,3999
"01/19/1994";2274,7
"01/20/1994";2257,8
"01/21/1994";2244
"01/24/1994";2274,5
"01/25/1994";2278,3
"01/26/1994";2282,3999
"01/27/1994";2281
"01/28/1994";2313,2
"01/31/1994";2334,3999
"02/01/1994";2331,3
"02/02/1994";2355,8999
"02/03/1994";2322
"02/04/1994";2329,2
"02/07/1994";2287,1001
"02/08/1994";2299,8999
"02/09/1994";2302,1001
"02/10/1994";2296,8
"02/11/1994";2275,1001
"02/14/1994";2281,6001
"02/15/1994";2258
"02/16/1994";2258
"02/17/1994";2281,2
"02/18/1994";2251,8
"02/21/1994";2215,2
"02/22/1994";2226,7
"02/23/1994";2252
"02/24/1994";2208,3
"02/25/1994";2199
"02/28/1994";2238,1001
"03/01/1994";2183,1001
"03/02/1994";2144,7
"03/03/1994";2144,7
"03/04/1994";2178,7
"03/07/1994";2219,8999
"03/08/1994";2216,3999
"03/09/1994";2199,7
"03/10/1994";2184,6001
"03/11/1994";2175
"03/14/1994";2215
"03/15/1994";2258,5
"03/16/1994";2242,7
"03/17/1994";2247,8
"03/18/1994";2221,3
"03/21/1994";2202,7
"03/22/1994";2200,7
"03/23/1994";2200,2
"03/24/1994";2152,6001
"03/25/1994";2136,6001
"03/28/1994";2144,5
"03/29/1994";2123,3999
"03/30/1994";2083,8999
"03/31/1994";2081,8999
"04/05/1994";2100,3
"04/06/1994";2128,2
"04/07/1994";2119,6001
"04/08/1994";2114,8
"04/11/1994";2145,3
"04/12/1994";2148,6001
"04/13/1994";2152,3999
"04/14/1994";2139,1001
"04/15/1994";2159,6001
"04/18/1994";2160,1001
"04/19/1994";2136
"04/20/1994";2102,7
"04/21/1994";2092
"04/22/1994";2135,2
"04/25/1994";2116,3
"04/26/1994";2130,8999
"04/27/1994";2147,3
"04/28/1994";2150,3
"04/29/1994";2166
"05/02/1994";2186,2
"05/03/1994";2179
"05/04/1994";2141,6001
"05/05/1994";2162,6001
"05/06/1994";2158,2
"05/09/1994";2139,3999
"05/10/1994";2165
"05/11/1994";2176,7
"05/13/1994";2187
"05/16/1994";2187,8
"05/17/1994";2195,2
"05/18/1994";2184
"05/19/1994";2165,3999
"05/20/1994";2155,3999
"05/24/1994";2133,3
"05/25/1994";2084,3999
"05/26/1994";2091,8999
"05/27/1994";2050,7
"05/30/1994";2052,5
"05/31/1994";2029,9
"06/01/1994";1979,7
"06/02/1994";2007,4
"06/03/1994";2041,7
"06/06/1994";2037,2
"06/07/1994";2023,7
"06/08/1994";2046,8
"06/09/1994";2028,4
"06/10/1994";2020,7
"06/13/1994";1977,7
"06/14/1994";1992
"06/15/1994";1966,4
"06/16/1994";1942,8
"06/17/1994";1936
"06/20/1994";1903
"06/21/1994";1890,8
"06/22/1994";1917
"06/23/1994";1939
"06/24/1994";1907
"06/27/1994";1911,6
"06/28/1994";1925,8
"06/29/1994";1936,3
"06/30/1994";1892
"07/01/1994";1872,9
"07/04/1994";1866,2
"07/05/1994";1878,7
"07/06/1994";1889
"07/07/1994";1920,8
"07/08/1994";1920,8
"07/11/1994";1949,8
"07/12/1994";1942,1
"07/13/1994";1974,6
"07/18/1994";2025,1
"07/19/1994";2052,3
"07/20/1994";2043,7
"07/21/1994";2053,8
"07/22/1994";2041,4
"07/25/1994";2059,8
"07/26/1994";2076,8
"07/27/1994";2055,7
"07/28/1994";2053,3999
"07/29/1994";2075
"08/01/1994";2069,6001
"08/02/1994";2117,2
"08/03/1994";2115
"08/04/1994";2096,5
"08/05/1994";2107,1001
"08/08/1994";2106,3
"08/09/1994";2074,5
"08/10/1994";2064,2
"08/11/1994";2038,9
"08/12/1994";2007
"08/16/1994";2012,4
"08/17/1994";2035
"08/18/1994";2010,5
"08/19/1994";2001,3
"08/22/1994";1972,6
"08/23/1994";2000,6
"08/24/1994";2006,3
"08/25/1994";2026,5
"08/26/1994";2062,7
"08/29/1994";2075,3
"08/30/1994";2060,3999
"08/31/1994";2069,1001
"09/01/1994";2034,9
"09/02/1994";2020,4
"09/05/1994";1998,2
"09/06/1994";1961,5
"09/07/1994";1964,2
"09/08/1994";1983,4
"09/09/1994";1948,8
"09/12/1994";1966,8
"09/13/1994";1969,4
"09/14/1994";1952,9
"09/15/1994";1977,3
"09/16/1994";1924,6
"09/19/1994";1922,9
"09/20/1994";1919,3
"09/21/1994";1897,2
"09/22/1994";1899,4
"09/23/1994";1927,4
"09/26/1994";1902,7
"09/27/1994";1901,3
"09/28/1994";1905
"09/29/1994";1876,2
"09/30/1994";1879,3
"10/03/1994";1852,8
"10/04/1994";1876,1
"10/05/1994";1833,7
"10/06/1994";1843,4
"10/07/1994";1856,4
"10/10/1994";1898,3
"10/11/1994";1919
"10/12/1994";1918,1
"10/13/1994";1955,6
"10/14/1994";1933
"10/17/1994";1906,4
"10/18/1994";1898,6
"10/19/1994";1876,3
"10/20/1994";1867,4
"10/21/1994";1842,1
"10/24/1994";1841,6
"10/25/1994";1824,4
"10/26/1994";1831,5
"10/27/1994";1858,1
"10/28/1994";1905,7
"11/02/1994";1873,6
"11/03/1994";1911,1
"11/04/1994";1931,7
"11/07/1994";1906,1
"11/08/1994";1921,5
"11/09/1994";1943,9
"11/10/1994";1948,4
"11/14/1994";1941,1
"11/15/1994";1954,5
"11/16/1994";1950,2
"11/17/1994";1927,5
"11/18/1994";1926,5
"11/21/1994";1927,8
"11/22/1994";1911,4
"11/23/1994";1893,1
"11/24/1994";1934,7
"11/25/1994";1945,9
"11/28/1994";1952,4
"11/29/1994";1940
"11/30/1994";1975,9
"12/01/1994";1964
"12/02/1994";1982,7
"12/05/1994";1973,7
"12/06/1994";1969
"12/07/1994";1969,8
"12/08/1994";1954,1
"12/09/1994";1937
"12/12/1994";1919,3
"12/13/1994";1917,1
"12/14/1994";1930,2
"12/15/1994";1931,1
"12/16/1994";1924,2
"12/19/1994";1928,1
"12/20/1994";1924,7
"12/21/1994";1940,9
"12/22/1994";1952,1
"12/23/1994";1949,9
"12/26/1994";1966,6
"12/27/1994";1956
"12/28/1994";1927,8
"12/29/1994";1894,2
"12/30/1994";1881,2
"01/03/1995";1885,9
"01/04/1995";1901,8
"01/05/1995";1871,5
"01/06/1995";1886,4
"01/09/1995";1864,2
"01/10/1995";1859,2
"01/11/1995";1849,1
"01/12/1995";1844,1
"01/13/1995";1854
"01/16/1995";1872,8
"01/17/1995";1856,9
"01/18/1995";1860,3
"01/19/1995";1837,1
"01/20/1995";1813,3
"01/23/1995";1772,8
"01/24/1995";1780,2
"01/25/1995";1802,5
"01/26/1995";1826,3
"01/27/1995";1814,1
"01/30/1995";1813,4
"01/31/1995";1797,9
"02/01/1995";1827,8
"02/02/1995";1816,1
"02/03/1995";1842,4
"02/06/1995";1872,1
"02/07/1995";1870,4
"02/08/1995";1850,9
"02/09/1995";1874,4
"02/10/1995";1869,4
"02/13/1995";1850,1
"02/14/1995";1856,1
"02/15/1995";1861,9
"02/16/1995";1835
"02/17/1995";1822,5
"02/20/1995";1802,2
"02/21/1995";1805,6
"02/22/1995";1804,4
"02/23/1995";1827
"02/24/1995";1805,7
"02/27/1995";1802,2
"02/28/1995";1776,9
"03/01/1995";1808,4
"03/02/1995";1807,4
"03/03/1995";1795,2
"03/06/1995";1773,3
"03/07/1995";1748,6
"03/08/1995";1756,8
"03/09/1995";1727,1
"03/10/1995";1743,1
"03/13/1995";1721,8
"03/14/1995";1769
"03/15/1995";1738,6
"03/16/1995";1785,8
"03/17/1995";1788,8
"03/20/1995";1811,6
"03/21/1995";1813,8
"03/22/1995";1818
"03/23/1995";1795,7
"03/24/1995";1817,3
"03/27/1995";1836,1
"03/28/1995";1837,2
"03/29/1995";1852,4
"03/30/1995";1893
"03/31/1995";1859,5
"04/03/1995";1864
"04/04/1995";1882,8
"04/05/1995";1872,9
"04/06/1995";1890,2
"04/07/1995";1900,4
"04/10/1995";1880,9
"04/11/1995";1869,3
"04/12/1995";1871,9
"04/13/1995";1881,1
"04/18/1995";1855,7
"04/19/1995";1874,9
"04/20/1995";1882
"04/21/1995";1928,4
"04/24/1995";1918,5
"04/25/1995";1945,9
"04/26/1995";1942,3
"04/27/1995";1931
"04/28/1995";1918,5
"05/02/1995";1936,9
"05/03/1995";1971,1
"05/04/1995";1946,2
"05/05/1995";1927,4
"05/09/1995";1988,7
"05/10/1995";1996,7
"05/11/1995";2003,6
"05/12/1995";2017,3
"05/15/1995";1991,5
"05/16/1995";2001,3
"05/17/1995";2004,7
"05/18/1995";1989,8
"05/19/1995";1965,5
"05/22/1995";1979,5
"05/23/1995";1965,3
"05/24/1995";1960,7
"05/26/1995";1919,1
"05/29/1995";1927,8
"05/30/1995";1927,3
"05/31/1995";1948
"06/01/1995";1960,8
"06/02/1995";1971,3
"06/06/1995";1965,9
"06/07/1995";1974,7
"06/08/1995";1951,2
"06/09/1995";1897
"06/12/1995";1907,8
"06/13/1995";1922,8
"06/14/1995";1893,7
"06/15/1995";1920,7
"06/16/1995";1905
"06/19/1995";1918,4
"06/20/1995";1896,1
"06/21/1995";1902,8
"06/22/1995";1925,2
"06/23/1995";1895,1
"06/26/1995";1902,4
"06/27/1995";1877,7
"06/28/1995";1865,5
"06/29/1995";1861,9
"06/30/1995";1858,8
"07/03/1995";1879,7
"07/04/1995";1889,4
"07/05/1995";1907,8
"07/06/1995";1889,5
"07/07/1995";1950,8
"07/10/1995";1949,4
"07/11/1995";1961,3
"07/12/1995";1961,7
"07/13/1995";1948,3
"07/17/1995";1951,5
"07/18/1995";1929
"07/19/1995";1931,2
"07/20/1995";1905,9
"07/21/1995";1908,9
"07/24/1995";1926,6
"07/25/1995";1941,3
"07/26/1995";1942,5
"07/27/1995";1947,9
"07/28/1995";1932,8
"07/31/1995";1920
"08/01/1995";1917,8
"08/02/1995";1960
"08/03/1995";1950,8
"08/04/1995";1957,1
"08/07/1995";1950,4
"08/08/1995";1954,7
"08/09/1995";1943,7
"08/10/1995";1949,2
"08/11/1995";1946,2
"08/16/1995";1970,4
"08/17/1995";1967,3
"08/18/1995";1971,6
"08/21/1995";1984,4
"08/22/1995";1963,3
"08/23/1995";1957,4
"08/24/1995";1939,2
"08/25/1995";1937,8
"08/28/1995";1890,1
"08/29/1995";1899,5
"08/30/1995";1921,4
"08/31/1995";1883,4
"09/01/1995";1881,7
"09/04/1995";1900,5
"09/05/1995";1902,5
"09/06/1995";1884,8
"09/07/1995";1861,7
"09/08/1995";1854,9
"09/11/1995";1869,7
"09/12/1995";1873,6
"09/13/1995";1898,2
"09/14/1995";1892,4
"09/15/1995";1880
"09/18/1995";1871,7
"09/19/1995";1882,5
"09/20/1995";1863,8
"09/21/1995";1853,9
"09/22/1995";1790,7
"09/25/1995";1800,6
"09/26/1995";1816,3
"09/27/1995";1791,8
"09/28/1995";1767,6
"09/29/1995";1788,4
"10/02/1995";1780,7
"10/03/1995";1800,7
"10/04/1995";1803,9
"10/05/1995";1800,3
"10/06/1995";1809,6
"10/09/1995";1785,7
"10/10/1995";1778
"10/11/1995";1794,4
"10/12/1995";1803,8
"10/13/1995";1817
"10/16/1995";1790,5
"10/17/1995";1779,7
"10/18/1995";1770,7
"10/19/1995";1757,3
"10/20/1995";1740,7
"10/23/1995";1721,1
"10/24/1995";1724,2
"10/25/1995";1764,1
"10/26/1995";1754,1
"10/27/1995";1742,4
"10/30/1995";1795,3
"10/31/1995";1814
"11/02/1995";1828,7
"11/03/1995";1832,1
"11/06/1995";1822,6
"11/07/1995";1857,4
"11/08/1995";1866,3
"11/09/1995";1852,6
"11/10/1995";1839,8
"11/13/1995";1838,2
"11/14/1995";1838,2
"11/15/1995";1875,2
"11/16/1995";1905,1
"11/17/1995";1890,5
"11/20/1995";1881,4
"11/21/1995";1872,9
"11/22/1995";1875,5
"11/23/1995";1867,1
"11/24/1995";1891
"11/27/1995";1889,8
"11/28/1995";1870,3
"11/29/1995";1857,3
"11/30/1995";1828,3
"12/01/1995";1820,9
"12/04/1995";1774,9
"12/05/1995";1814,9
"12/06/1995";1834,8
"12/07/1995";1846,8
"12/08/1995";1856,3
"12/11/1995";1849,6
"12/12/1995";1848,9
"12/13/1995";1833,8
"12/14/1995";1875
"12/15/1995";1859,3
"12/18/1995";1820,5
"12/19/1995";1810,2
"12/20/1995";1831,2
"12/21/1995";1834,4
"12/22/1995";1873,4
"12/26/1995";1866,7
"12/27/1995";1877
"12/28/1995";1879,1
"12/29/1995";1872
"01/02/1996";1908,4
"01/03/1996";1943
"01/04/1996";1931,2
"01/05/1996";1917,7
"01/08/1996";1916,6
"01/09/1996";1916,3
"01/10/1996";1910,1
"01/11/1996";1897,9
"01/12/1996";1907,6
"01/15/1996";1924,4
"01/16/1996";1952,1
"01/17/1996";1966
"01/18/1996";1960,1
"01/19/1996";1964,3
"01/22/1996";1954,4
"01/23/1996";1934,1
"01/24/1996";1946
"01/25/1996";1950,2
"01/26/1996";1966,7
"01/29/1996";1980,7
"01/30/1996";2003,1
"01/31/1996";2021
"02/01/1996";2024,1
"02/02/1996";2022,2
"02/05/1996";1985,6
"02/06/1996";1988,5
"02/07/1996";1983,3
"02/08/1996";1956,2
"02/09/1996";1960,7
"02/12/1996";1967,7
"02/13/1996";1983,3
"02/14/1996";1956,4
"02/15/1996";1964,2
"02/16/1996";1952,5
"02/19/1996";1939,7
"02/20/1996";1932,4
"02/21/1996";1936,9
"02/22/1996";1953,3
"02/23/1996";1976,9
"02/26/1996";1960,9
"02/27/1996";1974,5
"02/28/1996";1996,9
"02/29/1996";1990,8
"03/01/1996";2017,2
"03/04/1996";2015,3
"03/05/1996";2001,9
"03/06/1996";2005,9
"03/07/1996";2008
"03/08/1996";1975,5
"03/11/1996";1948,9
"03/12/1996";1932,1
"03/13/1996";1944,3
"03/14/1996";1962,4
"03/15/1996";1950,1
"03/18/1996";1965
"03/19/1996";1967,2
"03/20/1996";1969,8
"03/21/1996";1976,9
"03/22/1996";1974,4
"03/25/1996";2003,8
"03/26/1996";2008
"03/27/1996";2030,5
"03/28/1996";2020
"03/29/1996";2044,8
"04/01/1996";2055,6001
"04/02/1996";2070,3999
"04/03/1996";2064
"04/04/1996";2075
"04/09/1996";2081,7
"04/10/1996";2093,8999
"04/11/1996";2072,5
"04/12/1996";2074,7
"04/15/1996";2080,6001
"04/16/1996";2097,3
"04/17/1996";2075,1001
"04/18/1996";2086
"04/19/1996";2092,5
"04/22/1996";2116,5
"04/23/1996";2112
"04/24/1996";2122,1001
"04/25/1996";2116,3999
"04/26/1996";2138,3999
"04/29/1996";2130,8
"04/30/1996";2146,8
"05/02/1996";2136,8
"05/03/1996";2115,3999
"05/06/1996";2090,3999
"05/07/1996";2083,7
"05/09/1996";2085,3999
"05/10/1996";2114,8
"05/13/1996";2100,8999
"05/14/1996";2122,1001
"05/15/1996";2124,6001
"05/17/1996";2136,8999
"05/20/1996";2120,6001
"05/21/1996";2129,7
"05/22/1996";2103,5
"05/23/1996";2114,5
"05/24/1996";2117,7
"05/28/1996";2132,8999
"05/29/1996";2117,1001
"05/30/1996";2108,3999
"05/31/1996";2110,1001
"06/03/1996";2121,1001
"06/04/1996";2111
"06/05/1996";2115,3999
"06/06/1996";2133,2
"06/07/1996";2102
"06/10/1996";2120,8
"06/11/1996";2137,5
"06/12/1996";2137,3
"06/13/1996";2126,2
"06/14/1996";2111,8
"06/17/1996";2113
"06/18/1996";2107,8999
"06/19/1996";2100,7
"06/20/1996";2077,1001
"06/21/1996";2084,2
"06/24/1996";2097,6001
"06/25/1996";2118,3999
"06/26/1996";2113,3
"06/27/1996";2112,8999
"06/28/1996";2123,7
"07/01/1996";2118,8
"07/02/1996";2111,8
"07/03/1996";2114
"07/04/1996";2126,8
"07/05/1996";2098,8
"07/08/1996";2079,1001
"07/09/1996";2076,6001
"07/10/1996";2081,8999
"07/11/1996";2073,3999
"07/12/1996";2050,6001
"07/15/1996";2029,5
"07/16/1996";1989,5
"07/17/1996";1995,1
"07/18/1996";2007,3
"07/19/1996";1992,8
"07/22/1996";1960,3
"07/23/1996";1982,2
"07/24/1996";1954,1
"07/25/1996";1974,7
"07/26/1996";1962,9
"07/29/1996";1961,1
"07/30/1996";1968,5
"07/31/1996";1995,9
"08/01/1996";2009,9
"08/02/1996";2023,4
"08/05/1996";2013,2
"08/06/1996";1999,3
"08/07/1996";1996,7
"08/08/1996";1997,4
"08/09/1996";1985,4
"08/12/1996";1978,2
"08/13/1996";1980,6
"08/14/1996";1979,5
"08/19/1996";1986,2
"08/20/1996";2019,3
"08/21/1996";2000,6
"08/22/1996";2017,8
"08/23/1996";2020,8
"08/26/1996";2020,4
"08/27/1996";2018
"08/28/1996";2002,9
"08/29/1996";1977,6
"08/30/1996";1970,6
"09/02/1996";1977
"09/03/1996";1971,4
"09/04/1996";1984,8
"09/05/1996";1996,2
"09/06/1996";2004,8
"09/09/1996";2020,3
"09/10/1996";2042,1
"09/11/1996";2038,1
"09/12/1996";2065,3999
"09/13/1996";2080,3999
"09/16/1996";2086,2
"09/17/1996";2080,8999
"09/18/1996";2072,7
"09/19/1996";2082,3
"09/20/1996";2079,5
"09/23/1996";2067,1001
"09/24/1996";2081,5
"09/25/1996";2103,3999
"09/26/1996";2104,1001
"09/27/1996";2107,1001
"09/30/1996";2132,8
"10/01/1996";2123,2
"10/02/1996";2141,8
"10/03/1996";2136,1001
"10/04/1996";2152,7
"10/07/1996";2151,6001
"10/08/1996";2161,5
"10/09/1996";2146,7
"10/10/1996";2135,6001
"10/11/1996";2147,1001
"10/14/1996";2143,6001
"10/15/1996";2168,3
"10/16/1996";2158,5
"10/17/1996";2165,3
"10/18/1996";2185,2
"10/21/1996";2180,2
"10/22/1996";2175,6001
"10/23/1996";2148,8999
"10/24/1996";2151,6001
"10/25/1996";2162,3999
"10/28/1996";2150,3999
"10/29/1996";2125,7
"10/30/1996";2124,8
"10/31/1996";2140,5
"11/04/1996";2142,2
"11/05/1996";2187,3
"11/06/1996";2213,3999
"11/07/1996";2211,8
"11/08/1996";2205,2
"11/12/1996";2229,1001
"11/13/1996";2217,2
"11/14/1996";2218,2
"11/15/1996";2240,3
"11/18/1996";2228,8
"11/19/1996";2240,1001
"11/20/1996";2233,3999
"11/21/1996";2233,6001
"11/22/1996";2255,5
"11/25/1996";2277,1001
"11/26/1996";2275,1001
"11/27/1996";2270,8
"11/28/1996";2290,3
"11/29/1996";2315,7
"12/02/1996";2318,6001
"12/03/1996";2349,1001
"12/04/1996";2308,7
"12/05/1996";2292,5
"12/06/1996";2240,7
"12/09/1996";2255,8
"12/10/1996";2251,3999
"12/11/1996";2213,3
"12/12/1996";2212,1001
"12/13/1996";2203,3999
"12/16/1996";2222,6001
"12/17/1996";2193,7
"12/18/1996";2218,8999
"12/19/1996";2248,7
"12/20/1996";2278,5
"12/23/1996";2287,3999
"12/24/1996";2289,6001
"12/26/1996";2303,8
"12/27/1996";2307
"12/30/1996";2318,6001
"12/31/1996";2315,7
"01/02/1997";2257
"01/03/1997";2282,8
"01/06/1997";2306,7
"01/07/1997";2301,7
"01/08/1997";2331,6001
"01/09/1997";2349,1001
"01/10/1997";2327,5
"01/13/1997";2361,3
"01/14/1997";2402,1001
"01/15/1997";2388
"01/16/1997";2407,8
"01/17/1997";2425,1001
"01/20/1997";2406,1001
"01/21/1997";2409,8999
"01/22/1997";2442,5
"01/23/1997";2461,3
"01/24/1997";2430,3
"01/27/1997";2435,2
"01/28/1997";2482,8
"01/29/1997";2465
"01/30/1997";2503,1001
"01/31/1997";2516,6001
"02/03/1997";2508,6001
"02/04/1997";2503,1001
"02/05/1997";2541,3
"02/06/1997";2558,3999
"02/07/1997";2597,5
"02/10/1997";2595,3999
"02/11/1997";2582,1001
"02/12/1997";2599,3
"02/13/1997";2628,3999
"02/14/1997";2627,3999
"02/17/1997";2634,5
"02/18/1997";2617,5
"02/19/1997";2594,8
"02/20/1997";2575,2
"02/21/1997";2562,8
"02/24/1997";2567,8999
"02/25/1997";2607,7
"02/26/1997";2602,2
"02/27/1997";2629,3999
"02/28/1997";2607,8
"03/03/1997";2600,3
"03/04/1997";2651,7
"03/05/1997";2666,2
"03/06/1997";2698,8999
"03/07/1997";2708,3
"03/10/1997";2709,2
"03/11/1997";2686,2
"03/12/1997";2641,7
"03/13/1997";2632,1001
"03/14/1997";2645,6001
"03/17/1997";2588,3999
"03/18/1997";2574
"03/19/1997";2596,8
"03/20/1997";2553,7
"03/21/1997";2587,1001
"03/24/1997";2579,3
"03/25/1997";2624,3
"03/26/1997";2648,7
"03/27/1997";2656,7
"04/01/1997";2581,8
"04/02/1997";2530,3
"04/03/1997";2514,5
"04/04/1997";2518
"04/07/1997";2572,3
"04/08/1997";2579
"04/09/1997";2617,6001
"04/10/1997";2608
"04/11/1997";2574,6001
"04/14/1997";2566,1001
"04/15/1997";2620,6001
"04/16/1997";2621
"04/17/1997";2615,2
"04/18/1997";2547,6001
"04/21/1997";2522,7
"04/22/1997";2514,7
"04/23/1997";2533,6001
"04/24/1997";2539,8
"04/25/1997";2536,3
"04/28/1997";2550,3
"04/29/1997";2602,8999
"04/30/1997";2639,5
"05/02/1997";2655,3
"05/05/1997";2672,8
"05/06/1997";2651,8999
"05/07/1997";2643,3
"05/09/1997";2633,8999
"05/12/1997";2693,1001
"05/13/1997";2719,6001
"05/14/1997";2774,6001
"05/15/1997";2776
"05/16/1997";2784,3
"05/20/1997";2751,1001
"05/21/1997";2786,3999
"05/22/1997";2741,7
"05/23/1997";2762,8999
"05/26/1997";2654,7
"05/27/1997";2680,3
"05/28/1997";2583,2
"05/29/1997";2579,2
"05/30/1997";2583,8999
"06/02/1997";2601,5
"06/03/1997";2624,5
"06/04/1997";2635,3999
"06/05/1997";2690,8999
"06/06/1997";2719,3
"06/09/1997";2686,2
"06/10/1997";2664,2
"06/11/1997";2696,2
"06/12/1997";2760,3
"06/13/1997";2808,5
"06/16/1997";2795,8999
"06/17/1997";2762,6001
"06/18/1997";2751,7
"06/19/1997";2739,7
"06/20/1997";2757,1001
"06/23/1997";2762,2
"06/24/1997";2784,8
"06/25/1997";2867,3999
"06/26/1997";2893,6001
"06/27/1997";2891
"06/30/1997";2858,3
"07/01/1997";2944
"07/02/1997";2909,5
"07/03/1997";2937
"07/04/1997";2934,5
"07/07/1997";2947,7
"07/08/1997";2929,8
"07/09/1997";2950,6001
"07/10/1997";2929,1001
"07/11/1997";2941,6001
"07/15/1997";2950,7
"07/16/1997";2988
"07/17/1997";2958,6001
"07/18/1997";2876,7
"07/21/1997";2874,1001
"07/22/1997";2921,1001
"07/23/1997";3003,5
"07/24/1997";2973,5
"07/25/1997";3025,8999
"07/28/1997";3022,2
"07/29/1997";3023,6001
"07/30/1997";3069,3
"07/31/1997";3075,7
"08/01/1997";3049,5
"08/04/1997";2992,3999
"08/05/1997";2984,1001
"08/06/1997";3037,1001
"08/07/1997";3056,3
"08/08/1997";2996,3
"08/11/1997";2983,3999
"08/12/1997";2998,6001
"08/13/1997";2924
"08/14/1997";2921,8
"08/18/1997";2870,1001
"08/19/1997";2936,2
"08/20/1997";2979,3
"08/21/1997";2957,2
"08/22/1997";2904,2
"08/25/1997";2898,6001
"08/26/1997";2869,3
"08/27/1997";2871,7
"08/28/1997";2828,3999
"08/29/1997";2770,5
"09/01/1997";2805,8
"09/02/1997";2921,2
"09/03/1997";2918
"09/04/1997";2927
"09/05/1997";2924,5
"09/08/1997";2940,8999
"09/09/1997";2919,7
"09/10/1997";2874,6001
"09/11/1997";2843,6001
"09/12/1997";2834,1001
"09/15/1997";2898,6001
"09/16/1997";2940,6001
"09/17/1997";2944
"09/18/1997";2978,3999
"09/19/1997";2977,2
"09/22/1997";3017,5
"09/23/1997";2997,2
"09/24/1997";3023,7
"09/25/1997";3005,3999
"09/26/1997";2985,6001
"09/29/1997";2989
"09/30/1997";3008,3
"10/01/1997";3054,8999
"10/02/1997";3052,1001
"10/03/1997";3094
"10/06/1997";3078
"10/07/1997";3064,3999
"10/08/1997";3024,1001
"10/09/1997";2960,7
"10/10/1997";2955,1001
"10/13/1997";3002,8999
"10/14/1997";3002,5
"10/15/1997";2992,2
"10/16/1997";2992,8999
"10/17/1997";2958
"10/20/1997";2946,7
"10/21/1997";2989,8999
"10/22/1997";2958,1001
"10/23/1997";2856,8999
"10/24/1997";2849
"10/27/1997";2769,6001
"10/28/1997";2651,3
"10/29/1997";2818
"10/30/1997";2739,5
"10/31/1997";2739,3
"11/03/1997";2788
"11/04/1997";2774,8999
"11/05/1997";2822,3999
"11/06/1997";2781,8
"11/07/1997";2707,1001
"11/12/1997";2694,5
"11/13/1997";2700,7
"11/14/1997";2698,8999
"11/17/1997";2773
"11/18/1997";2782,6001
"11/19/1997";2790,6001
"11/20/1997";2821,2
"11/21/1997";2861,7
"11/24/1997";2802,5
"11/25/1997";2786,3
"11/26/1997";2811,7
"11/27/1997";2829
"11/28/1997";2854,3999
"12/01/1997";2918,5
"12/02/1997";2913,1001
"12/03/1997";2902,3999
"12/04/1997";2914,5
"12/05/1997";2910,1001
"12/08/1997";2932,5
"12/09/1997";2959,3999
"12/10/1997";2932,2
"12/11/1997";2828,5
"12/12/1997";2830,3
"12/15/1997";2838,3
"12/16/1997";2912,2
"12/17/1997";2893,3
"12/18/1997";2894,5
"12/19/1997";2822,8999
"12/22/1997";2869,7
"12/23/1997";2858,1001
"12/24/1997";2874,1001
"12/26/1997";2875,1001
"12/29/1997";2939,5
"12/30/1997";2975,5
"12/31/1997";2998,8999
"01/02/1998";3038,7
"01/05/1998";3072,8
"01/06/1998";3037,7
"01/07/1998";3006,7
"01/08/1998";2954,8999
"01/09/1998";2919,8
"01/12/1998";2862,5
"01/13/1998";2902,8999
"01/14/1998";2919,8
"01/15/1998";2932,8
"01/16/1998";2976,1001
"01/19/1998";2987
"01/20/1998";3008,3
"01/21/1998";2998,1001
"01/22/1998";2988,6001
"01/23/1998";2966,2
"01/26/1998";3000,5
"01/27/1998";3052
"01/28/1998";3088,3
"01/29/1998";3133,8
"01/30/1998";3172,1001
"02/02/1998";3187,5
"02/03/1998";3188,3999
"02/04/1998";3166,3
"02/05/1998";3189,6001
"02/06/1998";3216,7
"02/09/1998";3220,8999
"02/10/1998";3235,8
"02/11/1998";3240
"02/12/1998";3178,7
"02/13/1998";3187,7
"02/16/1998";3225,1001
"02/17/1998";3280,5
"02/18/1998";3281,7
"02/19/1998";3250,6001
"02/20/1998";3262,5
"02/23/1998";3273,5
"02/24/1998";3262,3
"02/25/1998";3348,2
"02/26/1998";3397
"02/27/1998";3421,8999
"03/02/1998";3446,7
"03/03/1998";3414,8999
"03/04/1998";3381,3
"03/05/1998";3395,8
"03/06/1998";3483,2
"03/09/1998";3525,8999
"03/10/1998";3521,5
"03/11/1998";3539,3999
"03/12/1998";3526,6001
"03/13/1998";3540,2
"03/16/1998";3598,3
"03/17/1998";3661,3
"03/18/1998";3652,5
"03/19/1998";3688,7
"03/20/1998";3688,8999
"03/23/1998";3680,1001
"03/24/1998";3738,5
"03/25/1998";3818,7
"03/26/1998";3783,8
"03/27/1998";3810,2
"03/30/1998";3800,2
"03/31/1998";3875,3
"04/01/1998";3883,3
"04/02/1998";3935,8999
"04/03/1998";3932
"04/06/1998";3986,8
"04/07/1998";3903,3
"04/08/1998";3873,8999
"04/09/1998";3894,5
"04/14/1998";3867,7
"04/15/1998";3884,6001
"04/16/1998";3845,8999
"04/17/1998";3861,6001
"04/20/1998";3885,7
"04/21/1998";3860,3999
"04/22/1998";3835,1001
"04/23/1998";3822,1001
"04/24/1998";3788,7
"04/27/1998";3689,3999
"04/28/1998";3777,23
"04/29/1998";3733,9299
"04/30/1998";3880,9199
"05/04/1998";3974,25
"05/05/1998";3944,9099
"05/06/1998";3947,45
"05/07/1998";3906,3601
"05/11/1998";4017,24
"05/12/1998";3987,3301
"05/13/1998";4019,76
"05/14/1998";4011,98
"05/15/1998";3990,23
"05/18/1998";3945,3101
"05/19/1998";3980,8401
"05/20/1998";4047,9199
"05/22/1998";4049,78
"05/25/1998";4108,71
"05/26/1998";4115,8799
"05/27/1998";4017,3701
"05/28/1998";4014,9199
"05/29/1998";4041,1599
"06/02/1998";4086,98
"06/03/1998";4149,3701
"06/04/1998";4119,0298
"06/05/1998";4185,0498
"06/08/1998";4204,5801
"06/09/1998";4201,8599
"06/10/1998";4208,6001
"06/11/1998";4141,6099
"06/12/1998";4050,76
"06/15/1998";4005,3301
"06/16/1998";4013,28
"06/17/1998";4092,9199
"06/18/1998";4052,27
"06/19/1998";4027,3201
"06/22/1998";4018,6399
"06/23/1998";4065,04
"06/24/1998";4126,3301
"06/25/1998";4203,8101
"06/26/1998";4215,7002
"06/29/1998";4248,2402
"06/30/1998";4203,4502
"07/01/1998";4260,6802
"07/02/1998";4252,0898
"07/03/1998";4304,3799
"07/06/1998";4311,1001
"07/07/1998";4333,0898
"07/08/1998";4339,9102
"07/09/1998";4319,1802
"07/10/1998";4256,3501
"07/15/1998";4344,2998
"07/16/1998";4358,1299
"07/17/1998";4388,48
"07/20/1998";4368,9102
"07/21/1998";4322,0801
"07/22/1998";4220,1201
"07/23/1998";4235,8901
"07/24/1998";4205,4102
"07/27/1998";4139,5298
"07/28/1998";4122,3501
"07/29/1998";4139,1899
"07/30/1998";4197,6401
"07/31/1998";4177,3101
"08/03/1998";4095,03
"08/04/1998";4047,8799
"08/05/1998";3976,3999
"08/06/1998";3968,5901
"08/07/1998";4041,8799
"08/10/1998";3939,45
"08/11/1998";3845,98
"08/12/1998";3945,7
"08/13/1998";3951,6899
"08/14/1998";3994,9099
"08/17/1998";3983,8101
"08/18/1998";4123,25
"08/19/1998";4125,7202
"08/20/1998";4087,49
"08/21/1998";3943,6799
"08/24/1998";3937,4299
"08/25/1998";4029,3201
"08/26/1998";3913,1699
"08/27/1998";3745,6399
"08/28/1998";3708,97
"08/31/1998";3765,23
"09/01/1998";3646,29
"09/02/1998";3729,6699
"09/03/1998";3646,46
"09/04/1998";3690,75
"09/07/1998";3695,3501
"09/08/1998";3803,74
"09/09/1998";3762,1299
"09/10/1998";3589,3501
"09/11/1998";3578,3401
"09/14/1998";3714,8101
"09/15/1998";3698
"09/16/1998";3729,3201
"09/17/1998";3525,26
"09/18/1998";3465,22
"09/21/1998";3342,6499
"09/22/1998";3347,98
"09/23/1998";3423,78
"09/24/1998";3381,1299
"09/25/1998";3310,5901
"09/28/1998";3337,6399
"09/29/1998";3337,05
"09/30/1998";3197,95
"10/01/1998";3038,01
"10/02/1998";3039,1399
"10/05/1998";2979,8899
"10/06/1998";3136,48
"10/07/1998";3097,6899
"10/08/1998";2959,97
"10/09/1998";3092,8999
"10/12/1998";3263,3201
"10/13/1998";3278,8501
"10/14/1998";3361,04
"10/15/1998";3362,26
"10/16/1998";3390,1001
"10/19/1998";3395,3501
"10/20/1998";3492,52
"10/21/1998";3440,78
"10/22/1998";3420,9199
"10/23/1998";3393,76
"10/26/1998";3449,48
"10/27/1998";3550,75
"10/28/1998";3493,6001
"10/29/1998";3483,4299
"10/30/1998";3522,9299
"11/02/1998";3569,6001
"11/03/1998";3583,6399
"11/04/1998";3684,1599
"11/05/1998";3596,1799
"11/06/1998";3588,6299
"11/09/1998";3585,3201
"11/10/1998";3544,74
"11/12/1998";3560,23
"11/13/1998";3562,23
"11/16/1998";3621,8501
"11/17/1998";3601,5701
"11/18/1998";3612,5
"11/19/1998";3706,76
"11/20/1998";3802,7
"11/23/1998";3845,8101
"11/24/1998";3839,3799
"11/25/1998";3849,8401
"11/26/1998";3915,53
"11/27/1998";3950,9399
"11/30/1998";3843,3799
"12/01/1998";3688,3401
"12/02/1998";3649,9099
"12/03/1998";3715,6699
"12/04/1998";3738,5901
"12/07/1998";3771,22
"12/08/1998";3765,4099
"12/09/1998";3772,6101
"12/10/1998";3746,97
"12/11/1998";3695,7
"12/14/1998";3663,21
"12/15/1998";3673,76
"12/16/1998";3707,47
"12/17/1998";3751,1699
"12/18/1998";3691,8899
"12/21/1998";3803,4099
"12/22/1998";3820,47
"12/23/1998";3872,4199
"12/28/1998";3873,1001
"12/29/1998";3891,1001
"12/30/1998";3942,6599
"01/04/1999";4147,5
"01/05/1999";4200,7798
"01/06/1999";4294,8198
"01/07/1999";4230,6699
"01/08/1999";4245,4199
"01/11/1999";4201,8999
"01/12/1999";4100,7002
"01/13/1999";3958,72
"01/14/1999";3997,0601
"01/15/1999";4054,8101
"01/18/1999";4151,6802
"01/19/1999";4115,9902
"01/20/1999";4190,0098
"01/21/1999";4154,0298
"01/22/1999";4019,3301
"01/25/1999";4050,8
"01/26/1999";4071,28
"01/27/1999";4098,1001
"01/28/1999";4199,6699
"01/29/1999";4251,7998
"02/01/1999";4303,9199
"02/02/1999";4243,5698
"02/03/1999";4188,8398
"02/04/1999";4167,4199
"02/05/1999";4147,2998
"02/08/1999";4154,02
"02/09/1999";4038,49
"02/10/1999";4001,9299
"02/11/1999";4072,3401
"02/12/1999";4060,3601
"02/15/1999";4065,1899
"02/16/1999";4052,3201
"02/17/1999";3985,49
"02/18/1999";4039,4099
"02/19/1999";4130,48
"02/22/1999";4165,8599
"02/23/1999";4207,9502
"02/24/1999";4213,7002
"02/25/1999";4152,5601
"02/26/1999";4092,9399
"03/01/1999";4032,05
"03/02/1999";4048,6299
"03/03/1999";4004,1599
"03/04/1999";4087,99
"03/05/1999";4189,5601
"03/08/1999";4175,9702
"03/09/1999";4159,7998
"03/10/1999";4162,3101
"03/11/1999";4184,3799
"03/12/1999";4175,0298
"03/15/1999";4185,1201
"03/16/1999";4186,3501
"03/17/1999";4170,0098
"03/18/1999";4152,3701
"03/19/1999";4219,6499
"03/22/1999";4197,0601
"03/23/1999";4079,47
"03/24/1999";4058,1599
"03/25/1999";4137,0098
"03/26/1999";4115,71
"03/29/1999";4153,6499
"03/30/1999";4141,98
"03/31/1999";4197,8799
"04/01/1999";4229,8501
"04/06/1999";4304,48
"04/07/1999";4318,04
"04/08/1999";4330,7002
"04/09/1999";4363,1401
"04/12/1999";4355
"04/13/1999";4367,4102
"04/14/1999";4349,2598
"04/15/1999";4310,6401
"04/16/1999";4300,9102
"04/19/1999";4379,3398
"04/20/1999";4253,27
"04/21/1999";4291,6001
"04/22/1999";4291,8501
"04/23/1999";4262,4302
"04/26/1999";4284,3999
"04/27/1999";4390,9199
"04/28/1999";4374,7002
"04/29/1999";4371,5298
"04/30/1999";4405,3501
"05/03/1999";4442,8398
"05/04/1999";4438,5498
"05/05/1999";4368,1699
"05/06/1999";4333,2402
"05/07/1999";4289,5601
"05/10/1999";4347,1499
"05/11/1999";4349,98
"05/12/1999";4354,79
"05/13/1999";4415,8799
"05/14/1999";4323,8301
"05/17/1999";4248,9399
"05/18/1999";4312,7402
"05/19/1999";4375,9102
"05/20/1999";4421,9102
"05/21/1999";4398,1299
"05/25/1999";4373,7798
"05/26/1999";4376,6802
"05/27/1999";4326,4399
"05/28/1999";4315,04
"05/31/1999";4351,29
"06/01/1999";4313,6899
"06/02/1999";4315,3398
"06/03/1999";4354,52
"06/04/1999";4344,25
"06/07/1999";4404,2402
"06/08/1999";4407,5801
"06/09/1999";4422,3901
"06/10/1999";4380,9902
"06/11/1999";4385,8301
"06/14/1999";4372,3901
"06/15/1999";4418,1802
"06/16/1999";4481,75
"06/17/1999";4508,77
"06/18/1999";4539,5601
"06/21/1999";4545,0898
"06/22/1999";4538,04
"06/23/1999";4481,6602
"06/24/1999";4434,21
"06/25/1999";4416,8901
"06/28/1999";4465,23
"06/29/1999";4503,8301
"06/30/1999";4536,6099
"07/01/1999";4609,2598
"07/02/1999";4620,6699
"07/05/1999";4697,8398
"07/06/1999";4692,5098
"07/07/1999";4662,2002
"07/08/1999";4631,1299
"07/09/1999";4647,8301
"07/12/1999";4662,2798
"07/13/1999";4594,6499
"07/14/1999";4594,6499
"07/15/1999";4665,6699
"07/16/1999";4656,79
"07/19/1999";4618,75
"07/20/1999";4548,3101
"07/21/1999";4501,27
"07/22/1999";4489,5698
"07/23/1999";4440,4502
"07/26/1999";4395,9102
"07/27/1999";4426,1201
"07/28/1999";4428,71
"07/29/1999";4306,3999
"07/30/1999";4382,0601
"08/02/1999";4377,8701
"08/03/1999";4354,75
"08/04/1999";4326,2002
"08/05/1999";4240,7002
"08/06/1999";4223,6401
"08/09/1999";4292,8999
"08/10/1999";4245,3501
"08/11/1999";4268,9502
"08/12/1999";4365,6602
"08/13/1999";4434,2798
"08/16/1999";4458,75
"08/17/1999";4479,75
"08/18/1999";4479,2598
"08/19/1999";4408,8999
"08/20/1999";4472
"08/23/1999";4487,3501
"08/24/1999";4540,3999
"08/25/1999";4629,23
"08/26/1999";4629,3701
"08/27/1999";4642,71
"08/30/1999";4657,4399
"08/31/1999";4589,2202
"09/01/1999";4633,3799
"09/02/1999";4550,6001
"09/03/1999";4672,3701
"09/06/1999";4668,04
"09/07/1999";4679,9302
"09/08/1999";4680,6099
"09/09/1999";4717,4199
"09/10/1999";4745,48
"09/13/1999";4716,7798
"09/14/1999";4697,3901
"09/15/1999";4662,02
"09/16/1999";4640,5498
"09/17/1999";4644,3198
"09/20/1999";4680,4902
"09/21/1999";4612,9302
"09/22/1999";4568,1201
"09/23/1999";4601,2402
"09/24/1999";4540,8701
"09/27/1999";4596,6001
"09/28/1999";4543,9199
"09/29/1999";4535,0801
"09/30/1999";4591,4199
"10/01/1999";4550,5698
"10/04/1999";4603,2402
"10/05/1999";4661,1299
"10/06/1999";4691,7202
"10/07/1999";4742,2598
"10/08/1999";4721,9302
"10/11/1999";4722,3501
"10/12/1999";4658,54
"10/13/1999";4602,8501
"10/14/1999";4583,6299
"10/15/1999";4524,4199
"10/18/1999";4495,2998
"10/19/1999";4591,2002
"10/20/1999";4577,8301
"10/21/1999";4602,3901
"10/22/1999";4677,7998
"10/25/1999";4669,2798
"10/26/1999";4706,5898
"10/27/1999";4695,0498
"10/28/1999";4748,6201
"10/29/1999";4888,6201
"11/02/1999";4898,52
"11/03/1999";4917,8398
"11/04/1999";4943,7402
"11/05/1999";4975,8999
"11/08/1999";4994,77
"11/09/1999";4997,5601
"11/10/1999";5051,8301
"11/11/1999";5132,0801
"11/12/1999";5141,5098
"11/15/1999";5178,1299
"11/16/1999";5191,0098
"11/17/1999";5178,23
"11/18/1999";5246,3301
"11/19/1999";5263,23
"11/22/1999";5147,96
"11/23/1999";5152,8701
"11/24/1999";5189,3799
"11/25/1999";5352,6001
"11/26/1999";5396,9902
"11/29/1999";5373,9102
"11/30/1999";5341,6201
"12/01/1999";5381,4102
"12/02/1999";5354,1899
"12/03/1999";5468,0498
"12/06/1999";5509,9702
"12/07/1999";5534,5098
"12/08/1999";5487,1201
"12/09/1999";5548,6201
"12/10/1999";5481,1001
"12/13/1999";5535,7598
"12/14/1999";5564,4702
"12/15/1999";5530,1299
"12/16/1999";5540,1602
"12/17/1999";5502,3999
"12/20/1999";5521,1099
"12/21/1999";5529,2402
"12/22/1999";5621,29
"12/23/1999";5731,3501
"12/24/1999";5852,5
"12/27/1999";5834,4702
"12/28/1999";5827,0801
"12/29/1999";5837,75
"12/30/1999";5958,3198
"01/03/2000";5917,4
"01/04/2000";5672
"01/05/2000";5479,7
"01/06/2000";5450,1
"01/07/2000";5539,6
"01/10/2000";5646,1
"01/11/2000";5613,9
"01/12/2000";5582,5
"01/13/2000";5633,2
"01/14/2000";5787,44
"01/17/2000";5842,8
"01/18/2000";5673
"01/19/2000";5649,5
"01/20/2000";5709,7
"01/21/2000";5681,3
"01/24/2000";5690,9
"01/25/2000";5597,5
"01/26/2000";5646,32
"01/27/2000";5688,35
"01/28/2000";5731,05
"01/31/2000";5659,8
"02/01/2000";5773,4
"02/02/2000";5946,9
"02/03/2000";6149,7
"02/04/2000";6275,7
"02/07/2000";6203,6
"02/08/2000";6297,7
"02/09/2000";6271,6
"02/10/2000";6207,5
"02/11/2000";6287
"02/14/2000";6268,3
"02/15/2000";6092,6
"02/16/2000";6046,3
"02/17/2000";6155
"02/18/2000";6062,7
"02/21/2000";5967,3
"02/22/2000";5963,3
"02/23/2000";6031,3
"02/24/2000";6078,8
"02/25/2000";6188,6
"02/28/2000";6102,7
"02/29/2000";6191
"03/01/2000";6256,3
"03/02/2000";6477,6
"03/03/2000";6514,1
"03/06/2000";6546
"03/07/2000";6441,9
"03/08/2000";6345
"03/09/2000";6423,4
"03/10/2000";6510,3
"03/13/2000";6336,9
"03/14/2000";6350,4
"03/15/2000";6188,9
"03/16/2000";6258,5
"03/17/2000";6304,3
"03/20/2000";6352,5
"03/21/2000";6320,9
"03/22/2000";6279,3
"03/23/2000";6268,3
"03/24/2000";6364,3
"03/27/2000";6450,9
"03/28/2000";6524,3
"03/29/2000";6505,5
"03/30/2000";6313,8
"03/31/2000";6286,1
"04/03/2000";6130,3
"04/04/2000";6221,9
"04/05/2000";6036,9
"04/06/2000";6224
"04/07/2000";6308
"04/10/2000";6364,9
"04/11/2000";6261,4
"04/12/2000";6238,7
"04/13/2000";6264,3
"04/14/2000";6065,7
"04/17/2000";6060,5
"04/18/2000";6147,4
"04/19/2000";6166,5
"04/20/2000";6234,5
"04/24/2000";6234,51
"04/25/2000";6320,3
"04/26/2000";6390,9
"04/27/2000";6247,9
"04/28/2000";6419,7
"05/01/2000";6419,72
"05/02/2000";6562,4
"05/03/2000";6435,7
"05/04/2000";6491,7
"05/05/2000";6545,8
"05/08/2000";6514,4
"05/09/2000";6369,6
"05/10/2000";6263,3
"05/11/2000";6380,1
"05/12/2000";6449,3
"05/15/2000";6392,3
"05/16/2000";6557,4
"05/17/2000";6453,1
"05/18/2000";6452
"05/19/2000";6196,1
"05/22/2000";6094,2
"05/23/2000";6148,6
"05/24/2000";6027,1
"05/25/2000";6129,7
"05/26/2000";6129,2
"05/29/2000";6205,1
"05/30/2000";6325,5
"05/31/2000";6426,3
"06/01/2000";6599,7
"06/02/2000";6673,5
"06/05/2000";6656,3
"06/06/2000";6589,8
"06/07/2000";6498,5
"06/08/2000";6523,7
"06/09/2000";6549,1
"06/12/2000";6549,05
"06/13/2000";6532,8
"06/14/2000";6608,1
"06/15/2000";6513
"06/16/2000";6456,3
"06/19/2000";6505,2
"06/20/2000";6554,9
"06/21/2000";6490,8
"06/22/2000";6474,9
"06/23/2000";6545,4
"06/26/2000";6586,3
"06/27/2000";6568,1
"06/28/2000";6608
"06/29/2000";6400,8
"06/30/2000";6446,5
"07/03/2000";6508,5
"07/04/2000";6494,8
"07/05/2000";6462,7
"07/06/2000";6454
"07/07/2000";6566
"07/10/2000";6487,4
"07/11/2000";6490,4
"07/12/2000";6536,5
"07/13/2000";6570,4
"07/14/2000";6570,36
"07/17/2000";6619,3
"07/18/2000";6514,5
"07/19/2000";6495,1
"07/20/2000";6563,8
"07/21/2000";6464,1
"07/24/2000";6502,6
"07/25/2000";6463,9
"07/26/2000";6493
"07/27/2000";6511,5
"07/28/2000";6415,7
"07/31/2000";6542,5
"08/01/2000";6532,3
"08/02/2000";6529,9
"08/03/2000";6354,9
"08/04/2000";6461,4
"08/07/2000";6519
"08/08/2000";6532,4
"08/09/2000";6570,2
"08/10/2000";6562,5
"08/11/2000";6553
"08/14/2000";6609,4
"08/15/2000";6636,6
"08/16/2000";6684,1
"08/17/2000";6635,3
"08/18/2000";6594,4
"08/21/2000";6571,6
"08/22/2000";6513,7
"08/23/2000";6501,7
"08/24/2000";6461,9
"08/25/2000";6595,1
"08/28/2000";6615
"08/29/2000";6634
"08/30/2000";6634,6
"08/31/2000";6625,4
"09/01/2000";6813,7
"09/04/2000";6922,3
"09/05/2000";6856,8
"09/06/2000";6796,8
"09/07/2000";6834,5
"09/08/2000";6703,4
"09/11/2000";6675
"09/12/2000";6697,8
"09/13/2000";6568,9
"09/14/2000";6637,9
"09/15/2000";6614,7
"09/18/2000";6522,4
"09/19/2000";6530
"09/20/2000";6405,4
"09/21/2000";6254,8
"09/22/2000";6258,6
"09/25/2000";6336,3
"09/26/2000";6294,1
"09/27/2000";6319,8
"09/28/2000";6311
"09/29/2000";6266,6
"10/02/2000";6349,2
"10/03/2000";6400,4
"10/04/2000";6296,1
"10/05/2000";6335,1
"10/06/2000";6258,4
"10/09/2000";6110,1
"10/10/2000";6143,3
"10/11/2000";5956,1
"10/12/2000";5990,7
"10/13/2000";6064,2
"10/16/2000";6088
"10/17/2000";6067,2
"10/18/2000";5937,4
"10/19/2000";6066,5
"10/20/2000";6149,4
"10/23/2000";6182,3
"10/24/2000";6323,7
"10/25/2000";6277,9
"10/26/2000";6208,4
"10/27/2000";6268,9
"10/30/2000";6296,8
"10/31/2000";6397,7
"11/01/2000";6409,1
"11/02/2000";6400,3
"11/03/2000";6398,9
"11/06/2000";6352,2
"11/07/2000";6386,1
"11/08/2000";6336
"11/09/2000";6271,2
"11/10/2000";6147,5
"11/13/2000";6037,7
"11/14/2000";6226
"11/15/2000";6301,8
"11/16/2000";6283,1
"11/17/2000";6161,9
"11/20/2000";6021,8
"11/21/2000";6081
"11/22/2000";5944,7
"11/23/2000";6053
"11/24/2000";6145,7
"11/27/2000";6171,3
"11/28/2000";6069,2
"11/29/2000";6060,7
"11/30/2000";5928,1
"12/01/2000";5928,5
"12/04/2000";5791,5
"12/05/2000";5994,9
"12/06/2000";5985,2
"12/07/2000";5984,7
"12/08/2000";5939,3
"12/11/2000";6077,9
"12/12/2000";6047,7
"12/13/2000";5962,3
"12/14/2000";5905,7
"12/15/2000";5839,5
"12/18/2000";5887,5
"12/19/2000";5958,9
"12/20/2000";5766,3
"12/21/2000";5758,9
"12/22/2000";5783,7
"12/26/2000";5783,73
"12/27/2000";5857,2
"12/28/2000";5920,6
"12/29/2000";5926,4
"01/02/2001";5798,9
"01/03/2001";5684,1
"01/04/2001";5816
"01/05/2001";5758
"01/08/2001";5732,8
"01/09/2001";5663,2
"01/10/2001";5653,4
"01/11/2001";5702,8
"01/12/2001";5834,3
"01/15/2001";5833,4
"01/16/2001";5761,7
"01/17/2001";5884,1
"01/18/2001";5860,2
"01/19/2001";5845,7
"01/22/2001";5882,8
"01/23/2001";5839,7
"01/24/2001";5900,3
"01/25/2001";5934,7
"01/26/2001";5925,6
"01/29/2001";5887,9
"01/30/2001";5917,2
"01/31/2001";5998,5
"02/01/2001";5899,7
"02/02/2001";5826,4
"02/05/2001";5823,5
"02/06/2001";5852,4
"02/07/2001";5752,1
"02/08/2001";5773,5
"02/09/2001";5712,4
"02/12/2001";5759,5
"02/13/2001";5739
"02/14/2001";5644,2
"02/15/2001";5704,5
"02/16/2001";5595,1
"02/19/2001";5584,8
"02/20/2001";5548,7
"02/21/2001";5474,4
"02/22/2001";5452,5
"02/23/2001";5322,8
"02/26/2001";5415,1
"02/27/2001";5437,8
"02/28/2001";5367,5
"03/01/2001";5341,3
"03/02/2001";5291,9
"03/05/2001";5368,8
"03/06/2001";5457,3
"03/07/2001";5483,7
"03/08/2001";5438,7
"03/09/2001";5368,9
"03/12/2001";5242,4
"03/13/2001";5186,9
"03/14/2001";5115,5
"03/15/2001";5177,7
"03/16/2001";5104,8
"03/19/2001";5048,6
"03/20/2001";5138,4
"03/21/2001";5023,8
"03/22/2001";4824,8
"03/23/2001";4951,1
"03/26/2001";5124,8
"03/27/2001";5235,6
"03/28/2001";5150,4
"03/29/2001";5157,92
"03/30/2001";5180,5
"04/02/2001";5210,5
"04/03/2001";5004
"04/04/2001";5071,8
"04/05/2001";5158,6
"04/06/2001";5139,7
"04/09/2001";5183,2
"04/10/2001";5331,2
"04/11/2001";5361,5
"04/12/2001";5372,7
"04/16/2001";5372,71
"04/17/2001";5341
"04/18/2001";5505,1
"04/19/2001";5480,1
"04/20/2001";5449,3
"04/23/2001";5396,9
"04/24/2001";5424,4
"04/25/2001";5407,8
"04/26/2001";5481,7
"04/27/2001";5576
"04/30/2001";5640
"05/02/2001";5572,9
"05/03/2001";5457,1
"05/04/2001";5455,6
"05/07/2001";5498,5
"05/08/2001";5516,9
"05/09/2001";5492,1
"05/10/2001";5606,5
"05/11/2001";5567,3
"05/14/2001";5487,7
"05/15/2001";5544,1
"05/16/2001";5522,7
"05/17/2001";5592,7
"05/18/2001";5638,2
"05/21/2001";5652
"05/22/2001";5693,5
"05/23/2001";5630,7
"05/24/2001";5656,5
"05/25/2001";5581,9
"05/28/2001";5606,3
"05/29/2001";5542,3
"05/30/2001";5444,3
"05/31/2001";5454,2
"06/01/2001";5432,7
"06/04/2001";5432,71
"06/05/2001";5516,3
"06/06/2001";5496,5
"06/07/2001";5453,4
"06/08/2001";5439,9
"06/11/2001";5418,5
"06/12/2001";5311,9
"06/13/2001";5353,6
"06/14/2001";5297,1
"06/15/2001";5243,8
"06/18/2001";5160,3
"06/19/2001";5199,4
"06/20/2001";5170,5
"06/21/2001";5135
"06/22/2001";5183,7
"06/25/2001";5213,5
"06/26/2001";5090,7
"06/27/2001";5057,7
"06/28/2001";5133,6
"06/29/2001";5225,3
"07/02/2001";5296,5
"07/03/2001";5205,8
"07/04/2001";5175,1
"07/05/2001";5123,8
"07/06/2001";4999,4
"07/09/2001";5027,4
"07/10/2001";4973,4
"07/11/2001";4914,7
"07/12/2001";4961,4
"07/13/2001";5025,2
"07/16/2001";5022,8
"07/17/2001";4978,5
"07/18/2001";4867,5
"07/19/2001";4930,4
"07/20/2001";4880,7
"07/23/2001";4911,9
"07/24/2001";4855,6
"07/25/2001";4773,2
"07/26/2001";4842,1
"07/27/2001";4967,2
"07/30/2001";5033,7
"07/31/2001";5085,5
"08/01/2001";5111,6
"08/02/2001";5088,7
"08/03/2001";5031,3
"08/06/2001";5066,3
"08/07/2001";5051,6
"08/08/2001";4986,2
"08/09/2001";4888,3
"08/10/2001";4846
"08/13/2001";4920,4
"08/14/2001";4962,6
"08/15/2001";4934
"08/16/2001";4882,6
"08/17/2001";4777,4
"08/20/2001";4791,4
"08/21/2001";4834,9
"08/22/2001";4812,1
"08/23/2001";4809,5
"08/24/2001";4916,6
"08/27/2001";4905,8
"08/28/2001";4815,7
"08/29/2001";4834,9
"08/30/2001";4703,9
"08/31/2001";4689,3
"09/03/2001";4629,8
"09/04/2001";4674
"09/05/2001";4571,6
"09/06/2001";4480,8
"09/07/2001";4413,5
"09/10/2001";4383,7
"09/11/2001";4059,8
"09/12/2001";4114,3
"09/13/2001";4383,7
"09/14/2001";3909,5
"09/17/2001";4015,5
"09/18/2001";3970,2
"09/19/2001";3888,9
"09/20/2001";3738,2
"09/21/2001";3652,9
"09/24/2001";3861,2
"09/25/2001";3902,9
"09/26/2001";3975,5
"09/27/2001";4013,2
"09/28/2001";4079
"10/01/2001";4004,57
"10/02/2001";4044,66
"10/03/2001";4024,25
"10/04/2001";4195,79
"10/05/2001";4164,75
"10/08/2001";4172,21
"10/09/2001";4176,97
"10/10/2001";4319,38
"10/11/2001";4330,68
"10/12/2001";4336,88
"10/15/2001";4213,91
"10/16/2001";4308,49
"10/17/2001";4411,5
"10/18/2001";4338,09
"10/19/2001";4264,89
"10/22/2001";4341,29
"10/23/2001";4455,76
"10/24/2001";4486,35
"10/25/2001";4378,45
"10/26/2001";4478,63
"10/29/2001";4383,24
"10/30/2001";4251,93
"10/31/2001";4341,29
"11/01/2001";4366,94
"11/02/2001";4369,4
"11/05/2001";4485,34
"11/06/2001";4461,69
"11/07/2001";4493,27
"11/08/2001";4573,04
"11/09/2001";4514,28
"11/12/2001";4376,58
"11/13/2001";4565,68
"11/14/2001";4575,09
"11/15/2001";4577,28
"11/16/2001";4587,3
"11/19/2001";4660,49
"11/20/2001";4593,52
"11/21/2001";4557,03
"11/22/2001";4599,8
"11/23/2001";4573,82
"11/26/2001";4564,38
"11/27/2001";4485,82
"11/28/2001";4445,5
"11/29/2001";4445,87
"11/30/2001";4476,06
"12/03/2001";4463,84
"12/04/2001";4529,24
"12/05/2001";4677,55
"12/06/2001";4679,38
"12/07/2001";4642,94
"12/10/2001";4556,29
"12/11/2001";4551,94
"12/12/2001";4510,68
"12/13/2001";4410,66
"12/14/2001";4340,02
"12/17/2001";4485,17
"12/18/2001";4480,1
"12/19/2001";4467,92
"12/20/2001";4426,72
"12/21/2001";4499,34
"12/24/2001";4502,1
"12/26/2001";4502,1
"12/27/2001";4591,16
"12/28/2001";4624,58
"01/02/2002";4580,44
"01/03/2002";4681,2
"01/04/2002";4682,79
"01/07/2002";4615,54
"01/08/2002";4568,09
"01/09/2002";4587,01
"01/10/2002";4515,52
"01/11/2002";4554,69
"01/14/2002";4453,97
"01/15/2002";4518,42
"01/16/2002";4425,5
"01/17/2002";4475,64
"01/18/2002";4448,85
"01/21/2002";4423,8
"01/22/2002";4446,72
"01/23/2002";4450,81
"01/24/2002";4508,07
"01/25/2002";4484,31
"01/28/2002";4541,16
"01/29/2002";4476,1
"01/30/2002";4407,27
"01/31/2002";4461,87
"02/01/2002";4455,56
"02/04/2002";4397,54
"02/05/2002";4307,75
"02/06/2002";4273,81
"02/07/2002";4295,65
"02/08/2002";4299,04
"02/11/2002";4353,21
"02/12/2002";4337,95
"02/13/2002";4364,45
"02/14/2002";4429,31
"02/15/2002";4377
"02/18/2002";4347,05
"02/19/2002";4256,36
"02/20/2002";4238,99
"02/21/2002";4287,22
"02/22/2002";4245,2
"02/25/2002";4305,44
"02/26/2002";4340,86
"02/27/2002";4424,71
"02/28/2002";4462,99
"03/01/2002";4486,42
"03/04/2002";4607,44
"03/05/2002";4580,75
"03/06/2002";4588,14
"03/07/2002";4616,5
"03/08/2002";4629,11
"03/11/2002";4586,75
"03/12/2002";4550,65
"03/13/2002";4523,77
"03/14/2002";4546,84
"03/15/2002";4588,33
"03/18/2002";4625,81
"03/19/2002";4644,93
"03/20/2002";4603,8
"03/21/2002";4579,9
"03/22/2002";4601,57
"03/25/2002";4588,36
"03/26/2002";4628,07
"03/27/2002";4623,2
"03/28/2002";4688,02
"04/02/2002";4627,33
"04/03/2002";4632,26
"04/04/2002";4538,31
"04/05/2002";4515,7
"04/08/2002";4431,88
"04/09/2002";4463,91
"04/10/2002";4521,83
"04/11/2002";4441,54
"04/12/2002";4468,29
"04/15/2002";4502,49
"04/16/2002";4598,74
"04/17/2002";4597,3
"04/18/2002";4588,83
"04/19/2002";4606,42
"04/22/2002";4559,46
"04/23/2002";4562,55
"04/24/2002";4528
"04/25/2002";4455,99
"04/26/2002";4453,08
"04/29/2002";4430,38
"04/30/2002";4462,74
"05/02/2002";4421,56
"05/03/2002";4354,92
"05/06/2002";4367,26
"05/07/2002";4296,4
"05/08/2002";4404,02
"05/09/2002";4386,86
"05/10/2002";4371,63
"05/13/2002";4375,39
"05/14/2002";4447,12
"05/15/2002";4471,27
"05/16/2002";4466,36
"05/17/2002";4442,94
"05/20/2002";4400,75
"05/21/2002";4399,2
"05/22/2002";4326,29
"05/23/2002";4341,59
"05/24/2002";4337,43
"05/27/2002";4360,71
"05/28/2002";4339,57
"05/29/2002";4334,85
"05/30/2002";4260,14
"05/31/2002";4274,64
"06/03/2002";4227,15
"06/04/2002";4065,88
"06/05/2002";4079,51
"06/06/2002";4098,18
"06/07/2002";4020,27
"06/10/2002";4024,94
"06/11/2002";4109,37
"06/12/2002";4004,76
"06/13/2002";3957,33
"06/14/2002";3843,07
"06/17/2002";4010,36
"06/18/2002";4004,93
"06/19/2002";3935,58
"06/20/2002";3832,07
"06/21/2002";3799,53
"06/24/2002";3669,24
"06/25/2002";3766,4
"06/26/2002";3701,13
"06/27/2002";3742,78
"06/28/2002";3897,99
"07/01/2002";3897,37
"07/02/2002";3735,66
"07/03/2002";3623,33
"07/04/2002";3697,13
"07/05/2002";3863,28
"07/08/2002";3858,35
"07/09/2002";3819,01
"07/10/2002";3656,38
"07/11/2002";3512,1
"07/12/2002";3513,34
"07/15/2002";3323,74
"07/16/2002";3317,81
"07/17/2002";3440,88
"07/18/2002";3513,71
"07/19/2002";3324,04
"07/22/2002";3149,69
"07/23/2002";3070,16
"07/24/2002";3023,69
"07/25/2002";3149,72
"07/26/2002";3172,56
"07/29/2002";3395,83
"07/30/2002";3379,85
"07/31/2002";3415,38
"08/01/2002";3240,71
"08/02/2002";3245,37
"08/05/2002";3115,38
"08/06/2002";3284,79
"08/07/2002";3270,51
"08/08/2002";3388,45
"08/09/2002";3447,94
"08/12/2002";3364,44
"08/13/2002";3390,23
"08/14/2002";3240,81
"08/15/2002";3375,01
"08/16/2002";3374,09
"08/19/2002";3493,01
"08/20/2002";3440,62
"08/21/2002";3485,21
"08/22/2002";3592,6
"08/23/2002";3526,09
"08/26/2002";3471,28
"08/27/2002";3570,5
"08/28/2002";3419,74
"08/29/2002";3331,77
"08/30/2002";3366,21
"09/02/2002";3272,76
"09/03/2002";3126,6
"09/04/2002";3168,7
"09/05/2002";3139,39
"09/06/2002";3246,67
"09/09/2002";3199,82
"09/10/2002";3299,64
"09/11/2002";3397,02
"09/12/2002";3241,84
"09/13/2002";3156,17
"09/16/2002";3141,95
"09/17/2002";3112,83
"09/18/2002";3000,98
"09/19/2002";2927,18
"09/20/2002";2890,82
"09/23/2002";2794,31
"09/24/2002";2742,81
"09/25/2002";2785,38
"09/26/2002";2961,46
"09/27/2002";2950,52
"09/30/2002";2777,45
"10/01/2002";2828,56
"10/02/2002";2940,84
"10/03/2002";2861,04
"10/04/2002";2765,9
"10/07/2002";2733,56
"10/08/2002";2694,23
"10/09/2002";2656,45
"10/10/2002";2758,53
"10/11/2002";2902,27
"10/14/2002";2885,27
"10/15/2002";3086,03
"10/16/2002";3067,7
"10/17/2002";3183,08
"10/18/2002";3156,99
"10/21/2002";3156,93
"10/22/2002";3121,01
"10/23/2002";2992,23
"10/24/2002";3075,13
"10/25/2002";3056,88
"10/28/2002";3120,85
"10/29/2002";2965,11
"10/30/2002";3084,22
"10/31/2002";3150,04
"11/01/2002";3109,51
"11/04/2002";3218,67
"11/05/2002";3247,39
"11/06/2002";3212,86
"11/07/2002";3111,72
"11/08/2002";3058,18
"11/11/2002";3053,7
"11/12/2002";3064,64
"11/13/2002";3034,81
"11/14/2002";3148,6
"11/15/2002";3162,39
"11/18/2002";3208,47
"11/19/2002";3177,23
"11/20/2002";3153,5
"11/21/2002";3290,17
"11/22/2002";3305,78
"11/25/2002";3295,68
"11/26/2002";3215,19
"11/27/2002";3313,76
"11/28/2002";3329,99
"11/29/2002";3326,65
"12/02/2002";3298,76
"12/03/2002";3222,26
"12/04/2002";3199,84
"12/05/2002";3158,04
"12/06/2002";3185,77
"12/09/2002";3115,63
"12/10/2002";3142,75
"12/11/2002";3190,09
"12/12/2002";3137,43
"12/13/2002";3076,85
"12/16/2002";3175,05
"12/17/2002";3138,61
"12/18/2002";3077,39
"12/19/2002";3054,21
"12/20/2002";3082,85
"12/23/2002";3087,62
"12/24/2002";3081,28
"12/27/2002";3011,83
"12/30/2002";3025,14
"12/31/2002";3063,91
"01/02/2003";3195,02
"01/03/2003";3187,88
"01/06/2003";3210,27
"01/07/2003";3160,99
"01/08/2003";3094,09
"01/09/2003";3152,29
"01/10/2003";3160,13
"01/13/2003";3169,82
"01/14/2003";3174,03
"01/15/2003";3134,66
"01/16/2003";3142,59
"01/17/2003";3056,93
"01/20/2003";3020,07
"01/21/2003";2992,39
"01/22/2003";2931,38
"01/23/2003";2917,97
"01/24/2003";2898,6
"01/27/2003";2795,78
"01/28/2003";2800,07
"01/29/2003";2840,05
"01/30/2003";2914,13
"01/31/2003";2937,88
"02/03/2003";2957,79
"02/04/2003";2863,5
"02/05/2003";2884,62
"02/06/2003";2836,18
"02/07/2003";2796,66
"02/10/2003";2772,26
"02/11/2003";2841,84
"02/12/2003";2770,62
"02/13/2003";2758,65
"02/14/2003";2827,75
"02/17/2003";2882,12
"02/18/2003";2938,63
"02/19/2003";2859,19
"02/20/2003";2804,49
"02/21/2003";2829,83
"02/24/2003";2785,61
"02/25/2003";2683,37
"02/26/2003";2658,57
"02/27/2003";2715,8
"02/28/2003";2754,07
"03/03/2003";2762,25
"03/04/2003";2676,34
"03/05/2003";2655,07
"03/06/2003";2634,53
"03/07/2003";2574,91
"03/10/2003";2513,61
"03/11/2003";2493,42
"03/12/2003";2403,04
"03/13/2003";2554,71
"03/14/2003";2740,01
"03/17/2003";2831,73
"03/18/2003";2794,89
"03/19/2003";2837,68
"03/20/2003";2794,83
"03/21/2003";2890,68
"03/24/2003";2726,85
"03/25/2003";2795,79
"03/26/2003";2787,56
"03/27/2003";2722,84
"03/28/2003";2733
"03/31/2003";2618,46
"04/01/2003";2635,04
"04/02/2003";2743,88
"04/03/2003";2788,69
"04/04/2003";2837,96
"04/07/2003";2935,68
"04/08/2003";2893,51
"04/09/2003";2888,03
"04/10/2003";2808,58
"04/11/2003";2838,14
"04/14/2003";2874,98
"04/15/2003";2921,52
"04/16/2003";2895,16
"04/17/2003";2898,61
"04/22/2003";2914,6
"04/23/2003";2962,67
"04/24/2003";2903,04
"04/25/2003";2866,74
"04/28/2003";2949,57
"04/29/2003";2940,8
"04/30/2003";2953,67
"05/02/2003";2963,12
"05/05/2003";2996,22
"05/06/2003";3057,56
"05/07/2003";3023,96
"05/08/2003";2939,17
"05/09/2003";2967,89
"05/12/2003";2962,63
"05/13/2003";2963,63
"05/14/2003";2961,83
"05/15/2003";2995,98
"05/16/2003";2994,87
"05/19/2003";2867,29
"05/20/2003";2877,26
"05/21/2003";2881,2
"05/22/2003";2903,27
"05/23/2003";2897,16
"05/26/2003";2885,52
"05/27/2003";2896,29
"05/28/2003";2949,61
"05/29/2003";2969,18
"05/30/2003";2991,75
"06/02/2003";3048,32
"06/03/2003";3039,41
"06/04/2003";3063,85
"06/05/2003";3034,07
"06/06/2003";3093,21
"06/09/2003";3055,23
"06/10/2003";3083,85
"06/11/2003";3121,9
"06/12/2003";3152,16
"06/13/2003";3108,94
"06/16/2003";3174,49
"06/17/2003";3200,75
"06/18/2003";3213,93
"06/19/2003";3164,91
"06/20/2003";3190,11
"06/23/2003";3119,24
"06/24/2003";3103,34
"06/25/2003";3108,7
"06/26/2003";3103,46
"06/27/2003";3109,02
"06/30/2003";3084,1
"07/01/2003";3013
"07/02/2003";3079,07
"07/03/2003";3092,09
"07/04/2003";3072,4
"07/07/2003";3182,19
"07/08/2003";3177,97
"07/09/2003";3139,93
"07/10/2003";3098,28
"07/11/2003";3138,27
"07/14/2003";3190,23
"07/15/2003";3179,33
"07/16/2003";3150,72
"07/17/2003";3129,37
"07/18/2003";3129,21
"07/21/2003";3081,06
"07/22/2003";3092,62
"07/23/2003";3089,41
"07/24/2003";3156,86
"07/25/2003";3109,32
"07/28/2003";3164,93
"07/29/2003";3142,39
"07/30/2003";3172,51
"07/31/2003";3210,27
"08/01/2003";3169,63
"08/04/2003";3142
"08/05/2003";3187,61
"08/06/2003";3126,15
"08/07/2003";3130,56
"08/08/2003";3165,49
"08/11/2003";3188,32
"08/12/2003";3208,23
"08/13/2003";3208,06
"08/14/2003";3261,7
"08/15/2003";3279,21
"08/18/2003";3301,08
"08/19/2003";3310,7
"08/20/2003";3280,34
"08/21/2003";3306,42
"08/22/2003";3328,99
"08/25/2003";3291,36
"08/26/2003";3256,69
"08/27/2003";3280,02
"08/28/2003";3322,95
"08/29/2003";3311,42
"09/01/2003";3358,52
"09/02/2003";3365,45
"09/03/2003";3422,78
"09/04/2003";3410,69
"09/05/2003";3392,75
"09/08/2003";3409,72
"09/09/2003";3375,26
"09/10/2003";3328,71
"09/11/2003";3348,25
"09/12/2003";3322,56
"09/15/2003";3338,36
"09/16/2003";3386,41
"09/17/2003";3393,93
"09/18/2003";3415,01
"09/19/2003";3373,64
"09/22/2003";3282,95
"09/23/2003";3266,04
"09/24/2003";3263,78
"09/25/2003";3230,54
"09/26/2003";3216,76
"09/29/2003";3188,71
"09/30/2003";3134,99
"10/01/2003";3191,01
"10/02/2003";3192,94
"10/03/2003";3296,36
"10/06/2003";3281,36
"10/07/2003";3254,75
"10/08/2003";3248,61
"10/09/2003";3324,99
"10/10/2003";3306,12
"10/13/2003";3360,34
"10/14/2003";3344,9
"10/15/2003";3374,98
"10/16/2003";3357,49
"10/17/2003";3353,72
"10/20/2003";3358,8
"10/21/2003";3363,3
"10/22/2003";3302,7
"10/23/2003";3264,29
"10/24/2003";3266,27
"10/27/2003";3306,59
"10/28/2003";3352,15
"10/29/2003";3366,95
"10/30/2003";3387,36
"10/31/2003";3373,2
"11/03/2003";3439,07
"11/04/2003";3424,81
"11/05/2003";3393,25
"11/06/2003";3412,18
"11/07/2003";3453,13
"11/10/2003";3425,19
"11/11/2003";3406,05
"11/12/2003";3411,05
"11/13/2003";3412,55
"11/14/2003";3448,6
"11/17/2003";3359,3
"11/18/2003";3352,92
"11/19/2003";3343,38
"11/20/2003";3324,39
"11/21/2003";3366,12
"11/24/2003";3412,05
"11/25/2003";3418,15
"11/26/2003";3415,19
"11/27/2003";3431,66
"11/28/2003";3424,79
"12/01/2003";3490,26
"12/02/2003";3471,86
"12/03/2003";3501,93
"12/04/2003";3496,55
"12/05/2003";3457,14
"12/08/2003";3434,91
"12/09/2003";3456,12
"12/10/2003";3438,85
"12/11/2003";3467,9
"12/12/2003";3470,6
"12/15/2003";3490,42
"12/16/2003";3486,6
"12/17/2003";3479,87
"12/18/2003";3503,21
"12/19/2003";3502,04
"12/22/2003";3496,06
"12/23/2003";3500,09
"12/24/2003";3510,3
"12/29/2003";3520,79
"12/30/2003";3529,18
"12/31/2003";3557,9
"01/02/2004";3596,8
"01/05/2004";3608,29
"01/06/2004";3595,82
"01/07/2004";3563,51
"01/08/2004";3592,73
"01/09/2004";3574,8
"01/12/2004";3560,1
"01/13/2004";3576,18
"01/14/2004";3612,55
"01/15/2004";3626,97
"01/16/2004";3671,8
"01/19/2004";3689,97
"01/20/2004";3660,19
"01/21/2004";3676,38
"01/22/2004";3695,6
"01/23/2004";3693,36
"01/26/2004";3675,72
"01/27/2004";3697,42
"01/28/2004";3706,79
"01/29/2004";3662,3
"01/30/2004";3638,44
"02/02/2004";3665,02
"02/03/2004";3638,21
"02/04/2004";3607,57
"02/05/2004";3610,31
"02/06/2004";3624,72
"02/09/2004";3663,73
"02/10/2004";3668,45
"02/11/2004";3677,85
"02/12/2004";3681,56
"02/13/2004";3649,34
"02/16/2004";3678,07
"02/17/2004";3703,82
"02/18/2004";3709,02
"02/19/2004";3759,32
"02/20/2004";3733,28
"02/23/2004";3731,15
"02/24/2004";3683,44
"02/25/2004";3702,63
"02/26/2004";3714,49
"02/27/2004";3725,44
"03/01/2004";3748,87
"03/02/2004";3785,36
"03/03/2004";3758,51
"03/04/2004";3776,94
"03/05/2004";3761,11
"03/08/2004";3781,38
"03/09/2004";3737,03
"03/10/2004";3758,09
"03/11/2004";3646,43
"03/12/2004";3661,78
"03/15/2004";3573,84
"03/16/2004";3588,04
"03/17/2004";3656,04
"03/18/2004";3589,98
"03/19/2004";3613,28
"03/22/2004";3539,22
"03/23/2004";3539,91
"03/24/2004";3518,45
"03/25/2004";3570,4
"03/26/2004";3592,39
"03/29/2004";3634,18
"03/30/2004";3620,1
"03/31/2004";3625,23
"04/01/2004";3669,98
"04/02/2004";3739,91
"04/05/2004";3781,2
"04/06/2004";3746,11
"04/07/2004";3734,56
"04/08/2004";3740,11
"04/13/2004";3774,69
"04/14/2004";3731,43
"04/15/2004";3722,76
"04/16/2004";3751,59
"04/19/2004";3743,43
"04/20/2004";3773,43
"04/21/2004";3743,15
"04/22/2004";3785,55
"04/23/2004";3811,43
"04/26/2004";3785,55
"04/27/2004";3782,09
"04/28/2004";3722,59
"04/29/2004";3689,39
"04/30/2004";3674,28
"05/03/2004";3705,48
"05/04/2004";3700,79
"05/05/2004";3729,38
"05/06/2004";3655,14
"05/07/2004";3653,18
"05/10/2004";3553,35
"05/11/2004";3606,41
"05/12/2004";3564,34
"05/13/2004";3614,24
"05/14/2004";3603,26
"05/17/2004";3553,02
"05/18/2004";3569,14
"05/19/2004";3643,32
"05/20/2004";3609,97
"05/21/2004";3607,02
"05/24/2004";3628,82
"05/25/2004";3610,53
"05/26/2004";3659,92
"05/27/2004";3679,37
"05/28/2004";3652,03
"05/31/2004";3669,63
"06/01/2004";3624,47
"06/02/2004";3646,23
"06/03/2004";3654,37
"06/04/2004";3698,87
"06/07/2004";3722,23
"06/08/2004";3723,46
"06/09/2004";3699,29
"06/10/2004";3711,38
"06/11/2004";3699,38
"06/14/2004";3647,1
"06/15/2004";3683,43
"06/16/2004";3714,5
"06/17/2004";3718,08
"06/18/2004";3740,9
"06/21/2004";3740,28
"06/22/2004";3700,32
"06/23/2004";3720,14
"06/24/2004";3755,75
"06/25/2004";3742,38
"06/28/2004";3771,58
"06/29/2004";3756,48
"06/30/2004";3732,99
"07/01/2004";3716,2
"07/02/2004";3685,06
"07/05/2004";3688,18
"07/06/2004";3660,68
"07/07/2004";3660,4
"07/08/2004";3670,41
"07/09/2004";3668,48
"07/12/2004";3651,63
"07/13/2004";3656,18
"07/14/2004";3648,75
"07/15/2004";3610,55
"07/16/2004";3610,4
"07/19/2004";3592,63
"07/20/2004";3607,39
"07/21/2004";3637,47
"07/22/2004";3572,84
"07/23/2004";3567,29
"07/26/2004";3532,61
"07/27/2004";3565,1
"07/28/2004";3575,92
"07/29/2004";3643,79
"07/30/2004";3647,1
"08/02/2004";3623,79
"08/03/2004";3650,8
"08/04/2004";3607,58
"08/05/2004";3622,98
"08/06/2004";3528,64
"08/09/2004";3497,3
"08/10/2004";3533,06
"08/11/2004";3502,95
"08/12/2004";3494,23
"08/13/2004";3484,84
"08/16/2004";3516,68
"08/17/2004";3533,13
"08/18/2004";3541,48
"08/19/2004";3544,42
"08/20/2004";3538,02
"08/23/2004";3589,69
"08/24/2004";3594,38
"08/25/2004";3595,26
"08/26/2004";3629,84
"08/27/2004";3649,24
"08/30/2004";3636,71
"08/31/2004";3594,28
"09/01/2004";3613,23
"09/02/2004";3633,38
"09/03/2004";3665,94
"09/06/2004";3673,03
"09/07/2004";3682,14
"09/08/2004";3677,55
"09/09/2004";3652,02
"09/10/2004";3677,61
"09/13/2004";3725,4
"09/14/2004";3708,03
"09/15/2004";3691,85
"09/16/2004";3691,68
"09/17/2004";3726,22
"09/20/2004";3703,69
"09/21/2004";3731,14
"09/22/2004";3692,11
"09/23/2004";3653,1
"09/24/2004";3673,51
"09/27/2004";3656,93
"09/28/2004";3667,47
"09/29/2004";3682,67
"09/30/2004";3640,61
"10/01/2004";3730,16
"10/04/2004";3767,06
"10/05/2004";3770,24
"10/06/2004";3764,59
"10/07/2004";3758,7
"10/08/2004";3737,87
"10/11/2004";3727,64
"10/12/2004";3689,85
"10/13/2004";3694,32
"10/14/2004";3664,95
"10/15/2004";3670,76
"10/18/2004";3659,81
"10/19/2004";3700,56
"10/20/2004";3665,68
"10/21/2004";3687,53
"10/22/2004";3687,17
"10/25/2004";3609,06
"10/26/2004";3619,48
"10/27/2004";3678,39
"10/28/2004";3721,82
"10/29/2004";3706,82
"11/01/2004";3734,07
"11/02/2004";3765,84
"11/03/2004";3769,93
"11/04/2004";3762,45
"11/05/2004";3780,99
"11/08/2004";3776,99
"11/09/2004";3769,94
"11/10/2004";3784,91
"11/11/2004";3833,79
"11/12/2004";3835,11
"11/15/2004";3820,97
"11/16/2004";3794,27
"11/17/2004";3844,14
"11/18/2004";3830,39
"11/19/2004";3798,78
"11/22/2004";3774,25
"11/23/2004";3780,09
"11/24/2004";3760,7
"11/25/2004";3797,59
"11/26/2004";3782,2
"11/29/2004";3780,61
"11/30/2004";3753,75
"12/01/2004";3796,71
"12/02/2004";3811,45
"12/03/2004";3783,51
"12/06/2004";3767,39
"12/07/2004";3787,45
"12/08/2004";3775,04
"12/09/2004";3747,46
"12/10/2004";3768,42
"12/13/2004";3805,94
"12/14/2004";3814,39
"12/15/2004";3802,99
"12/16/2004";3810,67
"12/17/2004";3744,92
"12/20/2004";3764,04
"12/21/2004";3770,03
"12/22/2004";3806,15
"12/23/2004";3819,68
"12/24/2004";3822,76
"12/27/2004";3817,69
"12/28/2004";3824,83
"12/29/2004";3827,16
"12/30/2004";3827,95
"12/31/2004";3821,16
"01/03/2005";3855,68
"01/04/2005";3863,3
"01/05/2005";3829,36
"01/06/2005";3856,48
"01/07/2005";3877,96
"01/10/2005";3877,82
"01/11/2005";3848,99
"01/12/2005";3816,14
"01/13/2005";3834,11
"01/14/2005";3854,6
"01/17/2005";3881,44
"01/18/2005";3875,02
"01/19/2005";3869,01
"01/20/2005";3842,44
"01/21/2005";3854,19
"01/24/2005";3848,71
"01/25/2005";3882,04
"01/26/2005";3879,82
"01/27/2005";3891,4
"01/28/2005";3870,35
"01/31/2005";3913,69
"02/01/2005";3939,18
"02/02/2005";3951,72
"02/03/2005";3928,94
"02/04/2005";3958,01
"02/07/2005";3981,9
"02/08/2005";3980,77
"02/09/2005";3969,62
"02/10/2005";3970,37
"02/11/2005";4016,75
"02/14/2005";4012,11
"02/15/2005";4030,45
"02/16/2005";4009,02
"02/17/2005";4005,5
"02/18/2005";4029,02
"02/21/2005";4022,62
"02/22/2005";4002,33
"02/23/2005";3977,19
"02/24/2005";3977,67
"02/25/2005";4034,57
"02/28/2005";4027,16
"03/01/2005";4054,98
"03/02/2005";4062,72
"03/03/2005";4061,35
"03/04/2005";4091,58
"03/07/2005";4108
"03/08/2005";4085,38
"03/09/2005";4066,69
"03/10/2005";4038,21
"03/11/2005";4049,18
"03/14/2005";4048,55
"03/15/2005";4077,74
"03/16/2005";4019,4
"03/17/2005";4032,07
"03/18/2005";4050,77
"03/21/2005";4033
"03/22/2005";4047,18
"03/23/2005";4032,41
"03/24/2005";4078,31
"03/29/2005";4081,65
"03/30/2005";4064,61
"03/31/2005";4067,78
"04/01/2005";4080,08
"04/04/2005";4052,32
"04/05/2005";4087,94
"04/06/2005";4106,99
"04/07/2005";4124,37
"04/08/2005";4124,29
"04/11/2005";4117,62
"04/12/2005";4096,81
"04/13/2005";4116,85
"04/14/2005";4111,11
"04/15/2005";4032,28
"04/18/2005";3949,59
"04/19/2005";3962,39
"04/20/2005";3950,02
"04/21/2005";3951,02
"04/22/2005";3980,18
"04/25/2005";3993,07
"04/26/2005";3993,04
"04/27/2005";3927,68
"04/28/2005";3911,45
"04/29/2005";3911,71
"05/02/2005";3938,77
"05/03/2005";3955,93
"05/04/2005";3987,63
"05/05/2005";4019,35
"05/06/2005";4033,46
"05/09/2005";4020,19
"05/10/2005";4000,25
"05/11/2005";3979,53
"05/12/2005";4015,65
"05/13/2005";4017,89
"05/16/2005";4010,98
"05/17/2005";4006,19
"05/18/2005";4073,15
"05/19/2005";4085,98
"05/20/2005";4096,18
"05/23/2005";4118,37
"05/24/2005";4102,06
"05/25/2005";4100,27
"05/26/2005";4137,28
"05/27/2005";4131,83
"05/30/2005";4134,87
"05/31/2005";4120,73
"06/01/2005";4178,25
"06/02/2005";4183,72
"06/03/2005";4162,47
"06/06/2005";4146,47
"06/07/2005";4180,74
"06/08/2005";4171,35
"06/09/2005";4153,71
"06/10/2005";4184,1
"06/13/2005";4203,49
"06/14/2005";4197,74
"06/15/2005";4184,36
"06/16/2005";4185,15
"06/17/2005";4220,91
"06/20/2005";4193,4
"06/21/2005";4222,02
"06/22/2005";4229,55
"06/23/2005";4240,18
"06/24/2005";4199,87
"06/27/2005";4157,68
"06/28/2005";4194,33
"06/29/2005";4231,88
"06/30/2005";4229,35
"07/01/2005";4269,62
"07/04/2005";4264,6
"07/05/2005";4252,75
"07/06/2005";4279,95
"07/07/2005";4220,62
"07/08/2005";4300,31
"07/11/2005";4321,56
"07/12/2005";4313,78
"07/13/2005";4343,62
"07/14/2005";4370,88
"07/15/2005";4373,77
"07/18/2005";4363,47
"07/19/2005";4424,25
"07/20/2005";4418,39
"07/21/2005";4425,66
"07/22/2005";4415,52
"07/25/2005";4422,12
"07/26/2005";4420,78
"07/27/2005";4433,13
"07/28/2005";4462,26
"07/29/2005";4451,74
"08/01/2005";4456,87
"08/02/2005";4503,33
"08/03/2005";4495,48
"08/04/2005";4458,97
"08/05/2005";4421,7
"08/08/2005";4441,01
"08/09/2005";4491,69
"08/10/2005";4527,11
"08/11/2005";4509,1
"08/12/2005";4476,48
"08/15/2005";4466,58
"08/16/2005";4444,57
"08/17/2005";4439,63
"08/18/2005";4430,07
"08/19/2005";4487,9
"08/22/2005";4485,94
"08/23/2005";4436,56
"08/24/2005";4424,43
"08/25/2005";4378,51
"08/26/2005";4342,7
"08/29/2005";4361,27
"08/30/2005";4356,66
"08/31/2005";4399,36
"09/01/2005";4424,15
"09/02/2005";4404,95
"09/05/2005";4430,09
"09/06/2005";4472,55
"09/07/2005";4486,19
"09/08/2005";4465,94
"09/09/2005";4491,68
"09/12/2005";4491,82
"09/13/2005";4453,41
"09/14/2005";4470,43
"09/15/2005";4479,39
"09/16/2005";4509,49
"09/19/2005";4505,68
"09/20/2005";4531,8
"09/21/2005";4468,06
"09/22/2005";4448,15
"09/23/2005";4477,2
"09/26/2005";4566,92
"09/27/2005";4546,8
"09/28/2005";4599,63
"09/29/2005";4578,86
"09/30/2005";4600,02
"10/03/2005";4622,54
"10/04/2005";4650,24
"10/05/2005";4594,11
"10/06/2005";4536,9
"10/07/2005";4528,79
"10/10/2005";4536,22
"10/11/2005";4549,68
"10/12/2005";4515,05
"10/13/2005";4470,13
"10/14/2005";4482,13
"10/17/2005";4489,21
"10/18/2005";4461,14
"10/19/2005";4375,09
"10/20/2005";4390,66
"10/21/2005";4366,52
"10/24/2005";4421,97
"10/25/2005";4396,99
"10/26/2005";4412,7
"10/27/2005";4336,41
"10/28/2005";4326,71
"10/31/2005";4436,45
"11/01/2005";4434,75
"11/02/2005";4429,65
"11/03/2005";4502,02
"11/04/2005";4498,7
"11/07/2005";4503,65
"11/08/2005";4503,62
"11/09/2005";4480,23
"11/10/2005";4479,5
"11/11/2005";4536,49
"11/14/2005";4548,45
"11/15/2005";4543,15
"11/16/2005";4512,13
"11/17/2005";4523,18
"11/18/2005";4556,23
"11/21/2005";4586,38
"11/22/2005";4580,81
"11/23/2005";4608,65
"11/24/2005";4586,84
"11/25/2005";4600,48
"11/28/2005";4575,31
"11/29/2005";4588,73
"11/30/2005";4567,41
"12/01/2005";4636,46
"12/02/2005";4662,5
"12/05/2005";4650,54
"12/06/2005";4677,2
"12/07/2005";4660,58
"12/08/2005";4669,93
"12/09/2005";4661,01
"12/12/2005";4673,13
"12/13/2005";4693,4
"12/14/2005";4674,85
"12/15/2005";4673,14
"12/16/2005";4704,41
"12/19/2005";4694,86
"12/20/2005";4703,48
"12/21/2005";4752,41
"12/22/2005";4751,96
"12/23/2005";4757,74
"12/27/2005";4769,38
"12/28/2005";4756,93
"12/29/2005";4772,93
"12/30/2005";4715,23
"01/02/2006";4754,92
"01/03/2006";4776,98
"01/04/2006";4838,52
"01/05/2006";4835,09
"01/06/2006";4867,15
"01/09/2006";4875,09
"01/10/2006";4861,93
"01/11/2006";4890,49
"01/12/2006";4890,24
"01/13/2006";4850,53
"01/16/2006";4856,09
"01/17/2006";4807,14
"01/18/2006";4772,09
"01/19/2006";4814,09
"01/20/2006";4773,48
"01/23/2006";4751,99
"01/24/2006";4748,32
"01/25/2006";4791
"01/26/2006";4876,52
"01/27/2006";4956,6
"01/30/2006";4936,79
"01/31/2006";4947,99
"02/01/2006";4999,39
"02/02/2006";4927,89
"02/03/2006";4937,56
"02/06/2006";4934,59
"02/07/2006";4935,4
"02/08/2006";4895,08
"02/09/2006";4955,74
"02/10/2006";4910,82
"02/13/2006";4957,36
"02/14/2006";4961,34
"02/15/2006";4934,09
"02/16/2006";4973,09
"02/17/2006";5000
"02/20/2006";4979,94
"02/21/2006";4991,93
"02/22/2006";5041,6
"02/23/2006";5040,39
"02/24/2006";5073,95
"02/27/2006";5080,52
"02/28/2006";5000,45
"03/01/2006";5057,61
"03/02/2006";5009,09
"03/03/2006";4989,15
"03/06/2006";5010,72
"03/07/2006";4992,21
"03/08/2006";4969,51
"03/09/2006";5007,84
"03/10/2006";5069,27
"03/13/2006";5107,47
"03/14/2006";5117,16
"03/15/2006";5127,93
"03/16/2006";5126,01
"03/17/2006";5141,08
"03/20/2006";5138,51
"03/21/2006";5148,56
"03/22/2006";5194,78
"03/23/2006";5194,78
"03/24/2006";5218,71
"03/27/2006";5162,44
"03/28/2006";5149,99
"03/29/2006";5180,25
"03/30/2006";5240,1
"03/31/2006";5220,85
"04/03/2006";5255,26
"04/04/2006";5205,81
"04/05/2006";5221,03
"04/06/2006";5222,36
"04/07/2006";5174,96
"04/10/2006";5190,27
"04/11/2006";5112,6
"04/12/2006";5085,11
"04/13/2006";5102,62
"04/18/2006";5095,97
"04/19/2006";5158,14
"04/20/2006";5206,79
"04/21/2006";5252,38
"04/24/2006";5221,44
"04/25/2006";5235,34
"04/26/2006";5252,32
"04/27/2006";5213,55
"04/28/2006";5188,4
"05/02/2006";5241,19
"05/03/2006";5193,94
"05/04/2006";5233,7
"05/05/2006";5286,4
"05/08/2006";5282,4
"05/09/2006";5312,18
"05/10/2006";5278,27
"05/11/2006";5262,94
"05/12/2006";5150,45
"05/15/2006";5064,85
"05/16/2006";5081,69
"05/17/2006";4920,31
"05/18/2006";4908,69
"05/19/2006";4944,57
"05/22/2006";4813,5
"05/23/2006";4931,53
"05/24/2006";4870,02
"05/25/2006";4949,53
"05/26/2006";5045,09
"05/29/2006";5015,32
"05/30/2006";4893,87
"05/31/2006";4930,18
"06/01/2006";4947,29
"06/02/2006";4959,7
"06/05/2006";4916,04
"06/06/2006";4797,92
"06/07/2006";4824,77
"06/08/2006";4684,34
"06/09/2006";4768,18
"06/12/2006";4723,18
"06/13/2006";4617,59
"06/14/2006";4615,44
"06/15/2006";4724,58
"06/16/2006";4694,89
"06/19/2006";4729,02
"06/20/2006";4770,42
"06/21/2006";4774,73
"06/22/2006";4803,29
"06/23/2006";4817,63
"06/26/2006";4801,49
"06/27/2006";4771,24
"06/28/2006";4774
"06/29/2006";4880,38
"06/30/2006";4965,96
"07/03/2006";4980,62
"07/04/2006";4983,88
"07/05/2006";4921,3
"07/06/2006";4966,45
"07/07/2006";4953,71
"07/10/2006";4982,48
"07/11/2006";4914,39
"07/12/2006";4941,73
"07/13/2006";4852,52
"07/14/2006";4780,79
"07/17/2006";4750,08
"07/18/2006";4734,54
"07/19/2006";4846,54
"07/20/2006";4865,04
"07/21/2006";4818,55
"07/24/2006";4914,93
"07/25/2006";4933,12
"07/26/2006";4943
"07/27/2006";5001,21
"07/28/2006";5028,51
"07/31/2006";5009,42
"08/01/2006";4948,23
"08/02/2006";5026,25
"08/03/2006";4983,68
"08/04/2006";5040,95
"08/07/2006";4956,34
"08/08/2006";4967,95
"08/09/2006";5025,15
"08/10/2006";4976,64
"08/11/2006";4985,52
"08/14/2006";5046,93
"08/15/2006";5115,02
"08/16/2006";5137,31
"08/17/2006";5144,84
"08/18/2006";5135,69
"08/21/2006";5104,65
"08/22/2006";5128,33
"08/23/2006";5082,73
"08/24/2006";5112,85
"08/25/2006";5111,13
"08/28/2006";5148,52
"08/29/2006";5160,32
"08/30/2006";5182,79
"08/31/2006";5165,04
"09/01/2006";5183,45
"09/04/2006";5203,24
"09/05/2006";5172,85
"09/06/2006";5115,52
"09/07/2006";5060,09
"09/08/2006";5073,57
"09/11/2006";5058,31
"09/12/2006";5125,97
"09/13/2006";5137,93
"09/14/2006";5123,85
"09/15/2006";5144,88
"09/18/2006";5146,96
"09/19/2006";5115,99
"09/20/2006";5192,74
"09/21/2006";5208,32
"09/22/2006";5141,95
"09/25/2006";5146,49
"09/26/2006";5219,59
"09/27/2006";5243,1
"09/28/2006";5250,01
"09/29/2006";5250,01
"10/02/2006";5243,13
"10/03/2006";5219,79
"10/04/2006";5256,55
"10/05/2006";5288,53
"10/06/2006";5282,06
"10/09/2006";5284,74
"10/10/2006";5309,79
"10/11/2006";5313,19
"10/12/2006";5361,51
"10/13/2006";5353,23
"10/16/2006";5361,97
"10/17/2006";5302,99
"10/18/2006";5361,29
"10/19/2006";5359,74
"10/20/2006";5375,35
"10/23/2006";5411,81
"10/24/2006";5404,54
"10/25/2006";5422,28
"10/26/2006";5433,79
"10/27/2006";5396,03
"10/30/2006";5362,23
"10/31/2006";5348,73
"11/01/2006";5370,86
"11/02/2006";5310,07
"11/03/2006";5336,3
"11/06/2006";5402,36
"11/07/2006";5437,78
"11/08/2006";5437,16
"11/09/2006";5448,6
"11/10/2006";5447,5
"11/13/2006";5490,56
"11/14/2006";5476,28
"11/15/2006";5511,53
"11/16/2006";5505,72
"11/17/2006";5439,71
"11/20/2006";5454,74
"11/21/2006";5459,35
"11/22/2006";5452,49
"11/23/2006";5424,86
"11/24/2006";5389,46
"11/27/2006";5308,65
"11/28/2006";5306,24
"11/29/2006";5381,25
"11/30/2006";5327,64
"12/01/2006";5254,05
"12/04/2006";5296,08
"12/05/2006";5359,69
"12/06/2006";5350,62
"12/07/2006";5379,21
"12/08/2006";5384,16
"12/11/2006";5427,56
"12/12/2006";5426,82
"12/13/2006";5475,85
"12/14/2006";5509,58
"12/15/2006";5541,62
"12/18/2006";5530,32
"12/19/2006";5484,76
"12/20/2006";5514,42
"12/21/2006";5510,39
"12/22/2006";5453,94
"12/27/2006";5540,01
"12/28/2006";5533,36
"12/29/2006";5541,76
"01/02/2007";5617,71
"01/03/2007";5610,92
"01/04/2007";5574,56
"01/05/2007";5517,35
"01/08/2007";5518,59
"01/09/2007";5533,03
"01/10/2007";5501,95
"01/11/2007";5609,8
"01/12/2007";5617,62
"01/15/2007";5631,08
"01/16/2007";5591,54
"01/17/2007";5561,78
"01/18/2007";5555,04
"01/19/2007";5614,7
"01/22/2007";5579,78
"01/23/2007";5575,07
"01/24/2007";5638,08
"01/25/2007";5609,2
"01/26/2007";5582,3
"01/29/2007";5619,7
"01/30/2007";5645,59
"01/31/2007";5608,31
"02/01/2007";5662,25
"02/02/2007";5677,3
"02/05/2007";5681,11
"02/06/2007";5676,78
"02/07/2007";5703
"02/08/2007";5665,1
"02/09/2007";5692,45
"02/12/2007";5643,95
"02/13/2007";5682,69
"02/14/2007";5725,84
"02/15/2007";5720,88
"02/16/2007";5713,59
"02/19/2007";5739,9
"02/20/2007";5713,45
"02/21/2007";5694,56
"02/22/2007";5707,86
"02/23/2007";5716,38
"02/26/2007";5762,54
"02/27/2007";5588,39
"02/28/2007";5516,32
"03/01/2007";5458,4
"03/02/2007";5424,7
"03/05/2007";5385,03
"03/06/2007";5437,13
"03/07/2007";5455,07
"03/08/2007";5524,26
"03/09/2007";5537,84
"03/12/2007";5496,07
"03/13/2007";5432,94
"03/14/2007";5296,22
"03/15/2007";5389,85
"03/16/2007";5382,16
"03/19/2007";5458,95
"03/20/2007";5503,27
"03/21/2007";5502,18
"03/22/2007";5598,37
"03/23/2007";5634,75
"03/26/2007";5576,3
"03/27/2007";5587,06
"03/28/2007";5552,69
"03/29/2007";5631,53
"03/30/2007";5634,16
"04/02/2007";5645,56
"04/03/2007";5711,91
"04/04/2007";5739,01
"04/05/2007";5741,38
"04/10/2007";5766,27
"04/11/2007";5751,92
"04/12/2007";5748,94
"04/13/2007";5789,34
"04/16/2007";5861,97
"04/17/2007";5858,14
"04/18/2007";5835,95
"04/19/2007";5829,04
"04/20/2007";5938,9
"04/23/2007";5917,32
"04/24/2007";5886,03
"04/25/2007";5947,33
"04/26/2007";5944,44
"04/27/2007";5930,77
"04/30/2007";5960,04
"05/02/2007";5990,13
"05/03/2007";6004,28
"05/04/2007";6068,83
"05/07/2007";6071,48
"05/08/2007";6034,25
"05/09/2007";6051,63
"05/10/2007";6012,76
"05/11/2007";6050,63
"05/14/2007";6026,42
"05/15/2007";6049,76
"05/16/2007";6017,91
"05/17/2007";6027
"05/18/2007";6101,14
"05/21/2007";6089,91
"05/22/2007";6089,72
"05/23/2007";6120,2
"05/24/2007";6048,31
"05/25/2007";6057,49
"05/28/2007";6071,47
"05/29/2007";6056,39
"05/30/2007";6042,15
"05/31/2007";6104
"06/01/2007";6168,15
"06/04/2007";6125,81
"06/05/2007";6078,54
"06/06/2007";5977,87
"06/07/2007";5890,49
"06/08/2007";5883,29
"06/11/2007";5940,09
"06/12/2007";5898,16
"06/13/2007";5934,27
"06/14/2007";6047,23
"06/15/2007";6105,28
"06/18/2007";6087,15
"06/19/2007";6071,67
"06/20/2007";6093,29
"06/21/2007";6029,79
"06/22/2007";6023,25
"06/25/2007";6002,85
"06/26/2007";5953,36
"06/27/2007";5941,67
"06/28/2007";6006,31
"06/29/2007";6054,93
"07/02/2007";6026,95
"07/03/2007";6069,84
"07/04/2007";6098,08
"07/05/2007";6059,53
"07/06/2007";6102,69
"07/09/2007";6104,66
"07/10/2007";6019,22
"07/11/2007";6001,09
"07/12/2007";6103,05
"07/13/2007";6117,96
"07/16/2007";6125,6
"07/17/2007";6099,21
"07/18/2007";5995,97
"07/19/2007";6065,5
"07/20/2007";5957,16
"07/23/2007";6009,16
"07/24/2007";5907,47
"07/25/2007";5837,11
"07/26/2007";5675,05
"07/27/2007";5643,96
"07/30/2007";5646,36
"07/31/2007";5751,08
"08/01/2007";5654,3
"08/02/2007";5682,07
"08/03/2007";5597,89
"08/06/2007";5532,99
"08/07/2007";5620,4
"08/08/2007";5749,29
"08/09/2007";5624,78
"08/10/2007";5448,63
"08/13/2007";5569,28
"08/14/2007";5478,66
"08/15/2007";5442,72
"08/16/2007";5265,47
"08/17/2007";5363,63
"08/20/2007";5399,38
"08/21/2007";5418,78
"08/22/2007";5518,17
"08/23/2007";5523,33
"08/24/2007";5569,38
"08/27/2007";5590,54
"08/28/2007";5474,17
"08/29/2007";5520,02
"08/30/2007";5592,53
"08/31/2007";5662,7
"09/03/2007";5651,27
"09/04/2007";5672,72
"09/05/2007";5551,55
"09/06/2007";5576,62
"09/07/2007";5430,1
"09/10/2007";5386,43
"09/11/2007";5478,94
"09/12/2007";5508,01
"09/13/2007";5565,97
"09/14/2007";5538,92
"09/17/2007";5439,37
"09/18/2007";5549,35
"09/19/2007";5730,82
"09/20/2007";5688,76
"09/21/2007";5700,65
"09/24/2007";5692,49
"09/25/2007";5641,59
"09/26/2007";5690,77
"09/27/2007";5733,37
"09/28/2007";5715,69
"10/01/2007";5773,26
"10/02/2007";5799,27
"10/03/2007";5806,18
"10/04/2007";5804,39
"10/05/2007";5843,24
"10/08/2007";5829,4
"10/09/2007";5861,93
"10/10/2007";5838,49
"10/11/2007";5862,83
"10/12/2007";5843,95
"10/15/2007";5807,44
"10/16/2007";5774,36
"10/17/2007";5818,8
"10/18/2007";5767,24
"10/19/2007";5740,48
"10/22/2007";5661,27
"10/23/2007";5705,05
"10/24/2007";5674,67
"10/25/2007";5760,3
"10/26/2007";5794,87
"10/29/2007";5836,19
"10/30/2007";5803,93
"10/31/2007";5847,95
"11/01/2007";5730,92
"11/02/2007";5720,42
"11/05/2007";5684,62
"11/06/2007";5709,42
"11/07/2007";5683,22
"11/08/2007";5631,63
"11/09/2007";5524,18
"11/12/2007";5535,56
"11/13/2007";5538,91
"11/14/2007";5613,6
"11/15/2007";5561,13
"11/16/2007";5523,63
"11/19/2007";5432,57
"11/20/2007";5506,68
"11/21/2007";5381,3
"11/22/2007";5416,1
"11/23/2007";5521,17
"11/26/2007";5458,39
"11/27/2007";5434,17
"11/28/2007";5561,21
"11/29/2007";5598,11
"11/30/2007";5670,57
"12/03/2007";5629,46
"12/04/2007";5547,21
"12/05/2007";5659,07
"12/06/2007";5673,76
"12/07/2007";5718,75
"12/10/2007";5750,92
"12/11/2007";5724,76
"12/12/2007";5743,32
"12/13/2007";5590,91
"12/14/2007";5605,36
"12/17/2007";5514,88
"12/18/2007";5509,37
"12/19/2007";5497,42
"12/20/2007";5511,45
"12/21/2007";5602,77
"12/24/2007";5614,28
"12/27/2007";5627,48
"12/28/2007";5627,25
"12/31/2007";5614,08
"01/02/2008";5550,36
"01/03/2008";5546,08
"01/04/2008";5446,79
"01/07/2008";5452,83
"01/08/2008";5495,67
"01/09/2008";5435,42
"01/10/2008";5400,43
"01/11/2008";5371,41
"01/14/2008";5403,51
"01/15/2008";5250,82
"01/16/2008";5225,39
"01/17/2008";5157,09
"01/18/2008";5092,4
"01/21/2008";4744,45
"01/22/2008";4842,54
"01/23/2008";4636,76
"01/24/2008";4915,29
"01/25/2008";4878,12
"01/28/2008";4848,3
"01/29/2008";4941,45
"01/30/2008";4873,57
"01/31/2008";4869,79
"02/01/2008";4978,06
"02/04/2008";4973,64
"02/05/2008";4776,86
"02/06/2008";4816,43
"02/07/2008";4723,8
"02/08/2008";4709,65
"02/11/2008";4682,7
"02/12/2008";4840,71
"02/13/2008";4855,4
"02/14/2008";4858,65
"02/15/2008";4771,79
"02/18/2008";4861,8
"02/19/2008";4885,83
"02/20/2008";4812,81
"02/21/2008";4858,85
"02/22/2008";4824,55
"02/25/2008";4919,26
"02/26/2008";4973,07
"02/27/2008";4968,82
"02/28/2008";4865,23
"02/29/2008";4790,66
"03/03/2008";4742,66
"03/04/2008";4675,91
"03/05/2008";4756,42
"03/06/2008";4678,05
"03/07/2008";4618,96
"03/10/2008";4566,99
"03/11/2008";4627,69
"03/12/2008";4697,1
"03/13/2008";4630,19
"03/14/2008";4592,15
"03/17/2008";4431,04
"03/18/2008";4582,59
"03/19/2008";4555,95
"03/20/2008";4533,72
"03/25/2008";4692
"03/26/2008";4676,68
"03/27/2008";4719,53
"03/28/2008";4695,92
"03/31/2008";4707,07
"04/01/2008";4866
"04/02/2008";4911,97
"04/03/2008";4887,87
"04/04/2008";4900,88
"04/07/2008";4944,6
"04/08/2008";4912,69
"04/09/2008";4874,97
"04/10/2008";4859,42
"04/11/2008";4797,93
"04/14/2008";4766,49
"04/15/2008";4780,68
"04/16/2008";4855,1
"04/17/2008";4862,14
"04/18/2008";4961,69
"04/21/2008";4910,35
"04/22/2008";4872,64
"04/23/2008";4944,65
"04/24/2008";4929,55
"04/25/2008";4978,21
"04/28/2008";5012,75
"04/29/2008";4977,1
"04/30/2008";4996,54
"05/02/2008";5069,71
"05/05/2008";5063,36
"05/06/2008";5040,92
"05/07/2008";5075,31
"05/08/2008";5055,58
"05/09/2008";4960,56
"05/12/2008";4976,21
"05/13/2008";4998,67
"05/14/2008";5055,24
"05/15/2008";5057,51
"05/16/2008";5078,04
"05/19/2008";5142,1
"05/20/2008";5054,88
"05/21/2008";5027,55
"05/22/2008";5028,74
"05/23/2008";4933,77
"05/26/2008";4937,84
"05/27/2008";4906,56
"05/28/2008";4971,11
"05/29/2008";4975,9
"05/30/2008";5014,28
"06/02/2008";4935,21
"06/03/2008";4983,71
"06/04/2008";4915,07
"06/05/2008";4907,06
"06/06/2008";4795,32
"06/09/2008";4799,38
"06/10/2008";4761,08
"06/11/2008";4660,91
"06/12/2008";4672,3
"06/13/2008";4682,3
"06/16/2008";4657,74
"06/17/2008";4686,33
"06/18/2008";4618,75
"06/19/2008";4591,39
"06/20/2008";4509,27
"06/23/2008";4511,37
"06/24/2008";4473,76
"06/25/2008";4536,29
"06/26/2008";4426,19
"06/27/2008";4397,32
"06/30/2008";4434,85
"07/01/2008";4341,21
"07/02/2008";4296,48
"07/03/2008";4343,99
"07/04/2008";4266
"07/07/2008";4342,59
"07/08/2008";4275,61
"07/09/2008";4339,66
"07/10/2008";4231,56
"07/11/2008";4100,64
"07/14/2008";4142,53
"07/15/2008";4061,15
"07/16/2008";4112,45
"07/17/2008";4225,99
"07/18/2008";4299,36
"07/21/2008";4327,14
"07/22/2008";4327,26
"07/23/2008";4408,74
"07/24/2008";4347,99
"07/25/2008";4377,18
"07/28/2008";4324,45
"07/29/2008";4320,49
"07/30/2008";4400,55
"07/31/2008";4392,36
"08/01/2008";4314,34
"08/04/2008";4280,63
"08/05/2008";4386,35
"08/06/2008";4448,33
"08/07/2008";4457,43
"08/08/2008";4491,85
"08/11/2008";4538,49
"08/12/2008";4518,48
"08/13/2008";4402,97
"08/14/2008";4420,91
"08/15/2008";4453,62
"08/18/2008";4448,84
"08/19/2008";4332,79
"08/20/2008";4365,87
"08/21/2008";4304,61
"08/22/2008";4400,45
"08/25/2008";4355,87
"08/26/2008";4368,55
"08/27/2008";4373,08
"08/28/2008";4461,49
"08/29/2008";4482,6
"09/01/2008";4472,13
"09/02/2008";4539,07
"09/03/2008";4447,13
"09/04/2008";4304,01
"09/05/2008";4196,66
"09/08/2008";4340,18
"09/09/2008";4293,34
"09/10/2008";4283,66
"09/11/2008";4249,07
"09/12/2008";4332,66
"09/15/2008";4168,97
"09/16/2008";4087,4
"09/17/2008";4000,11
"09/18/2008";3957,86
"09/19/2008";4324,87
"09/22/2008";4223,51
"09/23/2008";4139,82
"09/24/2008";4114,54
"09/25/2008";4226,81
"09/26/2008";4163,38
"09/29/2008";3953,48
"09/30/2008";4032,1
"10/01/2008";4054,54
"10/02/2008";3963,28
"10/03/2008";4080,75
"10/06/2008";3711,98
"10/07/2008";3732,22
"10/08/2008";3496,89
"10/09/2008";3442,7
"10/10/2008";3176,49
"10/13/2008";3531,5
"10/14/2008";3628,52
"10/15/2008";3381,07
"10/16/2008";3181
"10/17/2008";3329,92
"10/20/2008";3448,51
"10/21/2008";3475,4
"10/22/2008";3298,18
"10/23/2008";3310,87
"10/24/2008";3193,79
"10/27/2008";3067,35
"10/28/2008";3114,92
"10/29/2008";3402,57
"10/30/2008";3407,82
"10/31/2008";3487,07
"11/03/2008";3527,97
"11/04/2008";3691,09
"11/05/2008";3618,11
"11/06/2008";3387,25
"11/07/2008";3469,12
"11/10/2008";3505,75
"11/11/2008";3336,41
"11/12/2008";3233,96
"11/13/2008";3269,46
"11/14/2008";3291,47
"11/17/2008";3182,03
"11/18/2008";3217,4
"11/19/2008";3087,89
"11/20/2008";2980,42
"11/21/2008";2881,26
"11/24/2008";3172,11
"11/25/2008";3209,56
"11/26/2008";3169,85
"11/27/2008";3250,39
"11/28/2008";3262,68
"12/01/2008";3080,43
"12/02/2008";3152,9
"12/03/2008";3166,65
"12/04/2008";3161,16
"12/05/2008";2988,01
"12/08/2008";3247,48
"12/09/2008";3297,8
"12/10/2008";3320,31
"12/11/2008";3306,13
"12/12/2008";3213,6
"12/15/2008";3185,66
"12/16/2008";3251,66
"12/17/2008";3241,92
"12/18/2008";3234,15
"12/19/2008";3225,9
"12/22/2008";3151,36
"12/23/2008";3128,41
"12/24/2008";3116,21
"12/29/2008";3130,72
"12/30/2008";3217,13
"12/31/2008";3217,97
"01/02/2009";3349,69
"01/05/2009";3359,92
"01/06/2009";3396,22
"01/07/2009";3346,09
"01/08/2009";3324,33
"01/09/2009";3299,5
"01/12/2009";3246,12
"01/13/2009";3197,89
"01/14/2009";3052
"01/15/2009";2995,88
"01/16/2009";3016,75
"01/19/2009";2989,69
"01/20/2009";2925,28
"01/21/2009";2905,57
"01/22/2009";2869,62
"01/23/2009";2849,14
"01/26/2009";2955,37
"01/27/2009";2954,53
"01/28/2009";3076,01
"01/29/2009";3009,75
"01/30/2009";2973,92
"02/02/2009";2930,05
"02/03/2009";2982,39
"02/04/2009";3068,99
"02/05/2009";3066,29
"02/06/2009";3122,79
"02/09/2009";3134,87
"02/10/2009";3020,75
"02/11/2009";3027,72
"02/12/2009";2964,34
"02/13/2009";2997,86
"02/16/2009";2962,22
"02/17/2009";2875,23
"02/18/2009";2874,07
"02/19/2009";2872,6
"02/20/2009";2750,55
"02/23/2009";2727,87
"02/24/2009";2708,05
"02/25/2009";2696,92
"02/26/2009";2744,84
"02/27/2009";2702,48
"03/02/2009";2581,46
"03/03/2009";2554,55
"03/04/2009";2675,68
"03/05/2009";2569,63
"03/06/2009";2534,45
"03/09/2009";2519,29
"03/10/2009";2663,68
"03/11/2009";2674,2
"03/12/2009";2694,25
"03/13/2009";2705,63
"03/16/2009";2791,66
"03/17/2009";2767,28
"03/18/2009";2760,34
"03/19/2009";2776,99
"03/20/2009";2791,14
"03/23/2009";2869,57
"03/24/2009";2874,39
"03/25/2009";2893,45
"03/26/2009";2892,07
"03/27/2009";2840,62
"03/30/2009";2719,34
"03/31/2009";2807,34
"04/01/2009";2839,61
"04/02/2009";2992,06
"04/03/2009";2958,74
"04/06/2009";2929,75
"04/07/2009";2902,31
"04/08/2009";2921,06
"04/09/2009";2974,18
"04/14/2009";3000,22
"04/15/2009";2985,74
"04/16/2009";3038,18
"04/17/2009";3091,96
"04/20/2009";2969,4
"04/21/2009";2973,94
"04/22/2009";3025,24
"04/23/2009";3008,62
"04/24/2009";3102,85
"04/27/2009";3102,43
"04/28/2009";3051,02
"04/29/2009";3116,94
"04/30/2009";3159,85
"05/04/2009";3237,97
"05/05/2009";3225
"05/06/2009";3283,51
"05/07/2009";3251,52
"05/08/2009";3312,59
"05/11/2009";3248,67
"05/12/2009";3231,1
"05/13/2009";3152,9
"05/14/2009";3156,29
"05/15/2009";3169,05
"05/18/2009";3245,39
"05/19/2009";3274,96
"05/20/2009";3303,37
"05/21/2009";3217,41
"05/22/2009";3227,97
"05/25/2009";3236,16
"05/26/2009";3270,09
"05/27/2009";3294,86
"05/28/2009";3263,7
"05/29/2009";3277,65
"06/01/2009";3379,49
"06/02/2009";3378,04
"06/03/2009";3309,65
"06/04/2009";3312,03
"06/05/2009";3339,05
"06/08/2009";3289,66
"06/09/2009";3296,73
"06/10/2009";3315,27
"06/11/2009";3334,94
"06/12/2009";3326,14
"06/15/2009";3219,58
"06/16/2009";3213,95
"06/17/2009";3161,14
"06/18/2009";3194,06
"06/19/2009";3221,27
"06/22/2009";3123,25
"06/23/2009";3116,82
"06/24/2009";3184,76
"06/25/2009";3163,1
"06/26/2009";3129,73
"06/29/2009";3193,68
"06/30/2009";3140,44
"07/01/2009";3217
"07/02/2009";3116,41
"07/03/2009";3119,51
"07/06/2009";3082,16
"07/07/2009";3048,57
"07/08/2009";3009,71
"07/09/2009";3025,94
"07/10/2009";2983,1
"07/13/2009";3052,08
"07/14/2009";3081,87
"07/15/2009";3171,27
"07/16/2009";3199,68
"07/17/2009";3218,46
"07/20/2009";3270,94
"07/21/2009";3302,89
"07/22/2009";3305,07
"07/23/2009";3373,72
"07/24/2009";3366,45
"07/27/2009";3372,36
"07/28/2009";3330,97
"07/29/2009";3365,62
"07/30/2009";3435,49
"07/31/2009";3426,27
"08/03/2009";3477,8
"08/04/2009";3476,37
"08/05/2009";3458,53
"08/06/2009";3477,83
"08/07/2009";3521,14
"08/10/2009";3504,54
"08/11/2009";3456,18
"08/12/2009";3507,24
"08/13/2009";3524,39
"08/14/2009";3495,27
"08/17/2009";3419,69
"08/18/2009";3450,69
"08/19/2009";3450,34
"08/20/2009";3505,32
"08/21/2009";3615,81
"08/24/2009";3652,17
"08/25/2009";3680,61
"08/26/2009";3668,34
"08/27/2009";3648,53
"08/28/2009";3693,14
"08/31/2009";3653,54
"09/01/2009";3583,44
"09/02/2009";3573,13
"09/03/2009";3553,51
"09/04/2009";3598,76
"09/07/2009";3652,83
"09/08/2009";3660,96
"09/09/2009";3707,69
"09/10/2009";3705,87
"09/11/2009";3734,89
"09/14/2009";3730,61
"09/15/2009";3752,21
"09/16/2009";3813,79
"09/17/2009";3835,27
"09/18/2009";3827,84
"09/21/2009";3812,16
"09/22/2009";3823,52
"09/23/2009";3821,79
"09/24/2009";3758,36
"09/25/2009";3739,14
"09/28/2009";3825
"09/29/2009";3814,1
"09/30/2009";3795,41
"10/01/2009";3720,77
"10/02/2009";3649,9
"10/05/2009";3675,01
"10/06/2009";3770,21
"10/07/2009";3756,41
"10/08/2009";3806,81
"10/09/2009";3799,61
"10/12/2009";3845,8
"10/13/2009";3801,39
"10/14/2009";3882,67
"10/15/2009";3883,83
"10/16/2009";3827,6
"10/19/2009";3892,36
"10/20/2009";3871,45
"10/21/2009";3873,22
"10/22/2009";3820,85
"10/23/2009";3808,24
"10/26/2009";3744,45
"10/27/2009";3743,95
"10/28/2009";3663,78
"10/29/2009";3714,02
"10/30/2009";3607,69
"11/02/2009";3639,46
"11/03/2009";3584,25
"11/04/2009";3670,33
"11/05/2009";3708,73
"11/06/2009";3707,29
"11/09/2009";3785,49
"11/10/2009";3785,59
"11/11/2009";3814,39
"11/12/2009";3808,07
"11/13/2009";3806,01
"11/16/2009";3863,16
"11/17/2009";3829,06
"11/18/2009";3828,16
"11/19/2009";3760,22
"11/20/2009";3729,36
"11/23/2009";3813,17
"11/24/2009";3784,62
"11/25/2009";3809,16
"11/26/2009";3679,23
"11/27/2009";3721,45
"11/30/2009";3680,15
"12/01/2009";3775,74
"12/02/2009";3795,92
"12/03/2009";3799,11
"12/04/2009";3846,62
"12/07/2009";3840,05
"12/08/2009";3785,3
"12/09/2009";3757,39
"12/10/2009";3798,38
"12/11/2009";3803,72
"12/14/2009";3830,44
"12/15/2009";3834,09
"12/16/2009";3875,82
"12/17/2009";3830,82
"12/18/2009";3794,44
"12/21/2009";3872,06
"12/22/2009";3898,38
"12/23/2009";3910,75
"12/24/2009";3912,73
"12/28/2009";3947,15
"12/29/2009";3959,98
"12/30/2009";3935,5
"12/31/2009";3936,33
"01/04/2010";4013,97
"01/05/2010";4012,91
"01/06/2010";4017,67
"01/07/2010";4024,8
"01/08/2010";4045,14
"01/11/2010";4043,09
"01/12/2010";4000,05
"01/13/2010";4000,86
"01/14/2010";4015,77
"01/15/2010";3954,38
"01/18/2010";3977,46
"01/19/2010";4009,67
"01/20/2010";3928,95
"01/21/2010";3862,16
"01/22/2010";3820,78
"01/25/2010";3781,85
"01/26/2010";3807,04
"01/27/2010";3759,8
"01/28/2010";3688,79
"01/29/2010";3739,46
"02/01/2010";3762,01
"02/02/2010";3812,13
"02/03/2010";3793,47
"02/04/2010";3689,25
"02/05/2010";3563,76
"02/08/2010";3607,27
"02/09/2010";3612,76
"02/10/2010";3635,61
"02/11/2010";3616,75
"02/12/2010";3599,07
"02/15/2010";3609,22
"02/16/2010";3669,04
"02/17/2010";3725,21
"02/18/2010";3747,83
"02/19/2010";3769,54
"02/22/2010";3756,7
"02/23/2010";3707,06
"02/24/2010";3715,68
"02/25/2010";3640,77
"02/26/2010";3708,8
"03/01/2010";3769,54
"03/02/2010";3811,92
"03/03/2010";3842,52
"03/04/2010";3828,41
"03/05/2010";3910,42
"03/08/2010";3903,54
"03/09/2010";3910,01
"03/10/2010";3943,55
"03/11/2010";3928,95
"03/12/2010";3927,4
"03/15/2010";3890,91
"03/16/2010";3938,95
"03/17/2010";3957,89
"03/18/2010";3938,18
"03/19/2010";3925,44
"03/22/2010";3928
"03/23/2010";3952,55
"03/24/2010";3949,81
"03/25/2010";4000,48
"03/26/2010";3988,93
"03/29/2010";4000,66
"03/30/2010";3987,41
"03/31/2010";3974,01
"04/01/2010";4034,23
"04/06/2010";4053,94
"04/07/2010";4026,97
"04/08/2010";3978,46
"04/09/2010";4050,54
"04/12/2010";4050,5
"04/13/2010";4031,99
"04/14/2010";4057,7
"04/15/2010";4065,65
"04/16/2010";3986,63
"04/19/2010";3970,47
"04/20/2010";4026,65
"04/21/2010";3977,67
"04/22/2010";3924,65
"04/23/2010";3951,3
"04/26/2010";3997,39
"04/27/2010";3844,6
"04/28/2010";3787
"04/29/2010";3840,62
"04/30/2010";3816,99
"05/03/2010";3828,46
"05/04/2010";3689,29
"05/05/2010";3636,03
"05/06/2010";3556,11
"05/07/2010";3371,85
"05/10/2010";3720,29
"05/11/2010";3693,2
"05/12/2010";3733,87
"05/13/2010";3731,54
"05/14/2010";3560,36
"05/17/2010";3543,55
"05/18/2010";3617,32
"05/19/2010";3526,8
"05/20/2010";3432,52
"05/21/2010";3430,74
"05/24/2010";3430,93
"05/25/2010";3331,29
"05/26/2010";3408,59
"05/27/2010";3525,31
"05/28/2010";3515,06
"05/31/2010";3507,56
"06/01/2010";3503,08
"06/02/2010";3501,5
"06/03/2010";3557,34
"06/04/2010";3455,61
"06/07/2010";3413,72
"06/08/2010";3380,36
"06/09/2010";3446,77
"06/10/2010";3516,64
"06/11/2010";3555,52
"06/14/2010";3626,04
"06/15/2010";3661,51
"06/16/2010";3675,93
"06/17/2010";3683,08
"06/18/2010";3687,21
"06/21/2010";3736,15
"06/22/2010";3705,32
"06/23/2010";3641,79
"06/24/2010";3555,36
"06/25/2010";3519,73
"06/28/2010";3576,45
"06/29/2010";3432,99
"06/30/2010";3442,89
"07/01/2010";3339,9
"07/02/2010";3348,37
"07/05/2010";3332,46
"07/06/2010";3423,36
"07/07/2010";3483,44
"07/08/2010";3538,25
"07/09/2010";3554,48
"07/12/2010";3567,66
"07/13/2010";3637,76
"07/14/2010";3632,98
"07/15/2010";3581,82
"07/16/2010";3500,16
"07/19/2010";3486,33
"07/20/2010";3468,02
"07/21/2010";3493,92
"07/22/2010";3600,57
"07/23/2010";3607,05
"07/26/2010";3636,18
"07/27/2010";3666,4
"07/28/2010";3670,36
"07/29/2010";3651,91
"07/30/2010";3643,14
"08/02/2010";3752,03
"08/03/2010";3747,51
"08/04/2010";3760,72
"08/05/2010";3764,19
"08/06/2010";3716,05
"08/09/2010";3777,37
"08/10/2010";3730,58
"08/11/2010";3628,29
"08/12/2010";3621,07
"08/13/2010";3610,91
"08/16/2010";3597,6
"08/17/2010";3663,13
"08/18/2010";3647,93
"08/19/2010";3572,4
"08/20/2010";3526,12
"08/23/2010";3553,23
"08/24/2010";3491,11
"08/25/2010";3450,19
"08/26/2010";3475,03
"08/27/2010";3507,44
"08/30/2010";3487,01
"08/31/2010";3490,79
"09/01/2010";3623,84
"09/02/2010";3631,43
"09/03/2010";3672,2
"09/06/2010";3684,73
"09/07/2010";3643,81
"09/08/2010";3677,21
"09/09/2010";3722,15
"09/10/2010";3725,82
"09/13/2010";3767,15
"09/14/2010";3774,4
"09/15/2010";3755,64
"09/16/2010";3736,3
"09/17/2010";3722,02
"09/20/2010";3788,01
"09/21/2010";3784,4
"09/22/2010";3735,05
"09/23/2010";3710,61
"09/24/2010";3782,48
"09/27/2010";3766,16
"09/28/2010";3762,35
"09/29/2010";3737,12
"09/30/2010";3715,18
"10/01/2010";3692,09
"10/04/2010";3649,81
"10/05/2010";3731,93
"10/06/2010";3764,91
"10/07/2010";3770,47
"10/08/2010";3763,18
"10/11/2010";3768,49
"10/12/2010";3748,86
"10/13/2010";3828,34
"10/14/2010";3819,17
"10/15/2010";3827,37
"10/18/2010";3834,5
"10/19/2010";3807,17
"10/20/2010";3828,15
"10/21/2010";3878,27
"10/22/2010";3868,54
"10/25/2010";3870
"10/26/2010";3852,66
"10/27/2010";3815,77
"10/28/2010";3834,84
"10/29/2010";3833,5
"11/01/2010";3841,11
"11/02/2010";3865,72
"11/03/2010";3842,94
"11/04/2010";3916,78
"11/05/2010";3916,73
"11/08/2010";3913,7
"11/09/2010";3945,71
"11/10/2010";3888,45
"11/11/2010";3867,35
"11/12/2010";3831,12
"11/15/2010";3864,24
"11/16/2010";3762,47
"11/17/2010";3792,35
"11/18/2010";3867,97
"11/19/2010";3860,16
"11/22/2010";3818,89
"11/23/2010";3724,42
"11/24/2010";3747,61
"11/25/2010";3760,42
"11/26/2010";3728,65
"11/29/2010";3636,96
"11/30/2010";3610,44
"12/01/2010";3669,29
"12/02/2010";3747,04
"12/03/2010";3750,55
"12/06/2010";3749,23
"12/07/2010";3810,5
"12/08/2010";3831,98
"12/09/2010";3858,05
"12/10/2010";3857,35
"12/13/2010";3892,44
"12/14/2010";3902,87
"12/15/2010";3880,19
"12/16/2010";3888,36
"12/17/2010";3867,35
"12/20/2010";3885,08
"12/21/2010";3927,49
"12/22/2010";3919,71
"12/23/2010";3911,32
"12/24/2010";3900,39
"12/27/2010";3862,19
"12/28/2010";3858,72
"12/29/2010";3890,65
"12/30/2010";3850,76
"12/31/2010";3804,78
"01/03/2011";3900,86
"01/04/2011";3916,03
"01/05/2011";3904,61
"01/06/2011";3904,42
"01/07/2011";3865,58
"01/10/2011";3802,03
"01/11/2011";3861,92
"01/12/2011";3945,07
"01/13/2011";3974,83
"01/14/2011";3983,28
"01/17/2011";3975,41
"01/18/2011";4012,68
"01/19/2011";3976,71
"01/20/2011";3964,84
"01/21/2011";4017,45
"01/24/2011";4033,21
"01/25/2011";4019,62
"01/26/2011";4049,07
"01/27/2011";4059,57
"01/28/2011";4002,32
"01/31/2011";4005,5
"02/01/2011";4072,62
"02/02/2011";4066,53
"02/03/2011";4036,59
"02/04/2011";4047,21
"02/07/2011";4090,8
"02/08/2011";4108,27
"02/09/2011";4090,74
"02/10/2011";4095,14
"02/11/2011";4101,31
"02/14/2011";4096,62
"02/15/2011";4110,34
"02/16/2011";4151,26
"02/17/2011";4152,31
"02/18/2011";4157,14
"02/21/2011";4097,41
"02/22/2011";4050,27
"02/23/2011";4013,12
"02/24/2011";4009,64
"02/25/2011";4070,38
"02/28/2011";4110,35
"03/01/2011";4068,59
"03/02/2011";4034,32
"03/03/2011";4060,76
"03/04/2011";4020,21
"03/07/2011";3990,41
"03/08/2011";4015,91
"03/09/2011";3993,81
"03/10/2011";3963,99
"03/11/2011";3928,68
"03/14/2011";3878,04
"03/15/2011";3780,85
"03/16/2011";3696,56
"03/17/2011";3786,21
"03/18/2011";3810,22
"03/21/2011";3904,45
"03/22/2011";3892,71
"03/23/2011";3913,73
"03/24/2011";3968,84
"03/25/2011";3972,38
"03/28/2011";3976,95
"03/29/2011";3987,8
"03/30/2011";4024,44
"03/31/2011";3989,18
"04/01/2011";4054,76
"04/04/2011";4042,92
"04/05/2011";4041,74
"04/06/2011";4048,16
"04/07/2011";4028,3
"04/08/2011";4061,91
"04/11/2011";4038,7
"04/12/2011";3976,6
"04/13/2011";4006,23
"04/14/2011";3970,39
"04/15/2011";3974,48
"04/18/2011";3881,24
"04/19/2011";3908,58
"04/20/2011";4004,62
"04/21/2011";4021,88
"04/26/2011";4045,29
"04/27/2011";4067,72
"04/28/2011";4104,9
"04/29/2011";4106,92
"05/02/2011";4108,77
"05/03/2011";4096,84
"05/04/2011";4043,13
"05/05/2011";4004,87
"05/06/2011";4058,01
"05/09/2011";4007,26
"05/10/2011";4052,51
"05/11/2011";4058,08
"05/12/2011";4023,29
"05/13/2011";4018,85
"05/16/2011";3989,82
"05/17/2011";3941,58
"05/18/2011";3978
"05/19/2011";4027,74
"05/20/2011";3990,85
"05/23/2011";3906,98
"05/24/2011";3916,88
"05/25/2011";3928,99
"05/26/2011";3917,22
"05/27/2011";3950,98
"05/30/2011";3942,53
"05/31/2011";4006,94
"06/01/2011";3964,81
"06/02/2011";3889,87
"06/03/2011";3890,68
"06/06/2011";3863,4
"06/07/2011";3871,92
"06/08/2011";3837,98
"06/09/2011";3878,65
"06/10/2011";3805,09
"06/13/2011";3807,61
"06/14/2011";3864,58
"06/15/2011";3806,85
"06/16/2011";3792,31
"06/17/2011";3823,74
"06/20/2011";3799,66
"06/21/2011";3877,07
"06/22/2011";3871,37
"06/23/2011";3787,79
"06/24/2011";3784,8
"06/27/2011";3796,55
"06/28/2011";3851,89
"06/29/2011";3924,23
"06/30/2011";3982,21
"07/01/2011";4007,35
"07/04/2011";4003,11
"07/05/2011";3978,83
"07/06/2011";3961,34
"07/07/2011";3979,96
"07/08/2011";3913,55
"07/11/2011";3807,51
"07/12/2011";3774,12
"07/13/2011";3793,27
"07/14/2011";3751,23
"07/15/2011";3726,59
"07/18/2011";3650,71
"07/19/2011";3694,95
"07/20/2011";3754,6
"07/21/2011";3816,75
"07/22/2011";3842,7
"07/25/2011";3812,97
"07/26/2011";3787,88
"07/27/2011";3734,07
"07/28/2011";3712,66
"07/29/2011";3672,77
"08/01/2011";3588,05
"08/02/2011";3522,79
"08/03/2011";3454,94
"08/04/2011";3320,35
"08/05/2011";3278,56
"08/08/2011";3125,19
"08/09/2011";3176,19
"08/10/2011";3002,99
"08/11/2011";3089,66
"08/12/2011";3213,88
"08/15/2011";3239,06
"08/16/2011";3230,9
"08/17/2011";3254,34
"08/18/2011";3076,04
"08/19/2011";3016,99
"08/22/2011";3051,36
"08/23/2011";3084,37
"08/24/2011";3139,55
"08/25/2011";3119
"08/26/2011";3087,64
"08/29/2011";3154,2
"08/30/2011";3159,74
"08/31/2011";3256,76
"09/01/2011";3265,83
"09/02/2011";3148,53
"09/05/2011";2999,54
"09/06/2011";2965,64
"09/07/2011";3073,18
"09/08/2011";3085,83
"09/09/2011";2974,59
"09/12/2011";2854,81
"09/13/2011";2894,93
"09/14/2011";2949,14
"09/15/2011";3045,62
"09/16/2011";3031,08
"09/19/2011";2940
"09/20/2011";2984,05
"09/21/2011";2935,82
"09/22/2011";2781,68
"09/23/2011";2810,11
"09/26/2011";2859,34
"09/27/2011";3023,38
"09/28/2011";2995,62
"09/29/2011";3027,65
"09/30/2011";2981,96
"10/03/2011";2926,83
"10/04/2011";2850,55
"10/05/2011";2973,9
"10/06/2011";3075,37
"10/07/2011";3095,56
"10/10/2011";3161,47
"10/11/2011";3153,52
"10/12/2011";3229,76
"10/13/2011";3186,94
"10/14/2011";3217,89
"10/17/2011";3166,06
"10/18/2011";3141,1
"10/19/2011";3157,34
"10/20/2011";3084,07
"10/21/2011";3171,34
"10/24/2011";3220,46
"10/25/2011";3174,29
"10/26/2011";3169,62
"10/27/2011";3368,62
"10/28/2011";3348,63
"10/31/2011";3242,84
"11/01/2011";3068,33
"11/02/2011";3110,59
"11/03/2011";3195,47
"11/04/2011";3123,55
"11/07/2011";3103,6
"11/08/2011";3143,3
"11/09/2011";3075,16
"11/10/2011";3064,84
"11/11/2011";3149,38
"11/14/2011";3108,95
"11/15/2011";3049,13
"11/16/2011";3064,9
"11/17/2011";3010,29
"11/18/2011";2997,01
"11/21/2011";2894,94
"11/22/2011";2870,68
"11/23/2011";2822,43
"11/24/2011";2822,25
"11/25/2011";2856,97
"11/28/2011";3012,93
"11/29/2011";3026,76
"11/30/2011";3154,62
"12/01/2011";3129,95
"12/02/2011";3164,95
"12/05/2011";3201,28
"12/06/2011";3179,63
"12/07/2011";3175,98
"12/08/2011";3095,49
"12/09/2011";3172,35
"12/12/2011";3089,59
"12/13/2011";3078,72
"12/14/2011";2976,17
"12/15/2011";2998,73
"12/16/2011";2972,3
"12/19/2011";2974,2
"12/20/2011";3055,39
"12/21/2011";3030,47
"12/22/2011";3071,8
"12/23/2011";3102,09
"12/27/2011";3103,11
"12/28/2011";3071,08
"12/29/2011";3127,56
"12/30/2011";3159,81
"01/02/2012";3222,3
"01/03/2012";3245,4
"01/04/2012";3193,65
"01/05/2012";3144,91
"01/06/2012";3137,36
"01/09/2012";3127,69
"01/10/2012";3210,79
"01/11/2012";3204,83
"01/12/2012";3199,98
"01/13/2012";3196,49
"01/16/2012";3225
"01/17/2012";3269,99
"01/18/2012";3264,93
"01/19/2012";3328,94
"01/20/2012";3321,5
"01/23/2012";3338,42
"01/24/2012";3322,65
"01/25/2012";3312,48
"01/26/2012";3363,23
"01/27/2012";3318,76
"01/30/2012";3265,64
"01/31/2012";3298,55
"02/01/2012";3367,46
"02/02/2012";3376,66
"02/03/2012";3427,92
"02/06/2012";3405,27
"02/07/2012";3411,54
"02/08/2012";3410
"02/09/2012";3424,71
"02/10/2012";3373,14
"02/13/2012";3384,55
"02/14/2012";3375,64
"02/15/2012";3390,35
"02/16/2012";3393,25
"02/17/2012";3439,62
"02/20/2012";3472,54
"02/21/2012";3465,24
"02/22/2012";3447,37
"02/23/2012";3447,31
"02/24/2012";3467,03
"02/27/2012";3441,45
"02/28/2012";3453,99
"02/29/2012";3452,45
"03/01/2012";3499,73
"03/02/2012";3501,17
"03/05/2012";3487,54
"03/06/2012";3362,56
"03/07/2012";3392,33
"03/08/2012";3478,36
"03/09/2012";3487,48
"03/12/2012";3490,06
"03/13/2012";3550,16
"03/14/2012";3564,51
"03/15/2012";3580,21
"03/16/2012";3594,83
"03/19/2012";3577,88
"03/20/2012";3530,83
"03/21/2012";3527,37
"03/22/2012";3472,46
"03/23/2012";3476,18
"03/26/2012";3501,98
"03/27/2012";3469,59
"03/28/2012";3430,15
"03/29/2012";3381,12
"03/30/2012";3423,81
"04/02/2012";3462,91
"04/03/2012";3406,78
"04/04/2012";3313,47
"04/05/2012";3319,81
"04/10/2012";3217,6
"04/11/2012";3237,69
"04/12/2012";3269,79
"04/13/2012";3189,09
"04/16/2012";3205,28
"04/17/2012";3292,51
"04/18/2012";3240,29
"04/19/2012";3174,02
"04/20/2012";3188,58
"04/23/2012";3098,37
"04/24/2012";3169,32
"04/25/2012";3233,46
"04/26/2012";3229,32
"04/27/2012";3266,27
"04/30/2012";3212,8
"05/02/2012";3226,33
"05/03/2012";3223,36
"05/04/2012";3161,97
"05/07/2012";3214,22
"05/08/2012";3124,8
"05/09/2012";3118,65
"05/10/2012";3130,17
"05/11/2012";3129,77
"05/14/2012";3057,99
"05/15/2012";3039,27
"05/16/2012";3048,67
"05/17/2012";3011,99
"05/18/2012";3008
"05/21/2012";3027,15
"05/22/2012";3084,09
"05/23/2012";3003,27
"05/24/2012";3038,25
"05/25/2012";3047,94
"05/28/2012";3042,97
"05/29/2012";3084,7
"05/30/2012";3015,58
"05/31/2012";3017,01
"06/01/2012";2950,47
"06/04/2012";2954,49
"06/05/2012";2986,1
"06/06/2012";3058,44
"06/07/2012";3071,16
"06/08/2012";3051,69
"06/11/2012";3042,76
"06/12/2012";3046,91
"06/13/2012";3030,04
"06/14/2012";3032,45
"06/15/2012";3087,62
"06/18/2012";3066,19
"06/19/2012";3117,92
"06/20/2012";3126,52
"06/21/2012";3114,22
"06/22/2012";3090,9
"06/25/2012";3021,64
"06/26/2012";3012,71
"06/27/2012";3063,12
"06/28/2012";3051,68
"06/29/2012";3196,65
"07/02/2012";3240,2
"07/03/2012";3271,2
"07/04/2012";3267,75
"07/05/2012";3229,36
"07/06/2012";3168,79
"07/09/2012";3156,8
"07/10/2012";3175,41
"07/11/2012";3157,25
"07/12/2012";3135,18
"07/13/2012";3180,81
"07/16/2012";3179,9
"07/17/2012";3176,97
"07/18/2012";3235,4
"07/19/2012";3263,64
"07/20/2012";3193,89
"07/23/2012";3101,53
"07/24/2012";3074,68
"07/25/2012";3081,74
"07/26/2012";3207,12
"07/27/2012";3280,19
"07/30/2012";3320,71
"07/31/2012";3291,66
"08/01/2012";3321,56
"08/02/2012";3232,46
"08/03/2012";3374,19
"08/06/2012";3401,56
"08/07/2012";3453,28
"08/08/2012";3438,26
"08/09/2012";3456,71
"08/10/2012";3435,62
"08/13/2012";3426,41
"08/14/2012";3450,27
"08/15/2012";3449,2
"08/16/2012";3480,49
"08/17/2012";3488,38
"08/20/2012";3480,58
"08/21/2012";3513,28
"08/22/2012";3461,65
"08/23/2012";3432,56
"08/24/2012";3433,21
"08/27/2012";3462,83
"08/28/2012";3431,55
"08/29/2012";3413,89
"08/30/2012";3379,11
"08/31/2012";3413,07
"09/03/2012";3453,71
"09/04/2012";3399,04
"09/05/2012";3405,79
"09/06/2012";3509,88
"09/07/2012";3519,05
"09/10/2012";3506,05
"09/11/2012";3537,3
"09/12/2012";3543,79
"09/13/2012";3502,09
"09/14/2012";3581,58
"09/17/2012";3553,69
"09/18/2012";3512,69
"09/19/2012";3531,82
"09/20/2012";3509,92
"09/21/2012";3530,72
"09/24/2012";3497,22
"09/25/2012";3513,81
"09/26/2012";3414,84
"09/27/2012";3439,32
"09/28/2012";3354,82
"10/01/2012";3434,98
"10/02/2012";3414,23
"10/03/2012";3406,02
"10/04/2012";3401,2
"10/05/2012";3457,04
"10/08/2012";3406,53
"10/09/2012";3382,78
"10/10/2012";3365,87
"10/11/2012";3413,72
"10/12/2012";3389,08
"10/15/2012";3420,28
"10/16/2012";3500,94
"10/17/2012";3527,5
"10/18/2012";3535,18
"10/19/2012";3504,56
"10/22/2012";3483,25
"10/23/2012";3406,5
"10/24/2012";3426,49
"10/25/2012";3411,53
"10/26/2012";3435,09
"10/29/2012";3408,89
"10/30/2012";3459,44
"10/31/2012";3429,27
"11/01/2012";3475,4
"11/02/2012";3492,46
"11/05/2012";3448,5
"11/06/2012";3478,66
"11/07/2012";3409,59
"11/08/2012";3407,68
"11/09/2012";3423,57
"11/12/2012";3411,65
"11/13/2012";3430,6
"11/14/2012";3400,02
"11/15/2012";3382,4
"11/16/2012";3341,52
"11/19/2012";3439,58
"11/20/2012";3462,06
"11/21/2012";3477,36
"11/22/2012";3498,22
"11/23/2012";3528,8
"11/26/2012";3500,94
"11/27/2012";3502,13
"11/28/2012";3515,19
"11/29/2012";3568,88
"11/30/2012";3557,28
"12/03/2012";3566,59
"12/04/2012";3580,48
"12/05/2012";3590,5
"12/06/2012";3601,65
"12/07/2012";3605,61
"12/10/2012";3612,1
"12/11/2012";3646,15
"12/12/2012";3646,66
"12/13/2012";3643,13
"12/14/2012";3643,28
"12/17/2012";3638,1
"12/18/2012";3648,63
"12/19/2012";3664,59
"12/20/2012";3666,73
"12/21/2012";3661,4
"12/24/2012";3652,61
"12/27/2012";3674,26
"12/28/2012";3620,25
"12/31/2012";3641,07
"01/02/2013";3733,93
"01/03/2013";3721,17
"01/04/2013";3730,02
"01/07/2013";3704,64
"01/08/2013";3705,88
"01/09/2013";3717,45
"01/10/2013";3703,12
"01/11/2013";3706,02
"01/14/2013";3708,25
"01/15/2013";3697,35
"01/16/2013";3708,49
"01/17/2013";3744,11
"01/18/2013";3741,58
"01/21/2013";3763,03
"01/22/2013";3741,01
"01/23/2013";3726,17
"01/24/2013";3752,17
"01/25/2013";3778,16
"01/28/2013";3780,89
"01/29/2013";3785,82
"01/30/2013";3765,52
"01/31/2013";3732,6
"02/01/2013";3773,53
"02/04/2013";3659,91
"02/05/2013";3694,7
"02/06/2013";3642,9
"02/07/2013";3601,05
"02/08/2013";3649,5
"02/11/2013";3650,58
"02/12/2013";3686,58
"02/13/2013";3698,53
"02/14/2013";3669,6
"02/15/2013";3660,37
"02/18/2013";3667,04
"02/19/2013";3735,82
"02/20/2013";3709,88
"02/21/2013";3624,8
"02/22/2013";3706,28
"02/25/2013";3721,33
"02/26/2013";3621,92
"02/27/2013";3691,49
"02/28/2013";3723
"03/01/2013";3699,91
"03/04/2013";3709,76
"03/05/2013";3787,19
"03/06/2013";3773,76
"03/07/2013";3793,78
"03/08/2013";3840,15
"03/11/2013";3836,27
"03/12/2013";3839,97
"03/13/2013";3836,04
"03/14/2013";3871,58
"03/15/2013";3844,03
"03/18/2013";3825,47
"03/19/2013";3775,75
"03/20/2013";3829,56
"03/21/2013";3774,85
"03/22/2013";3770,29
"03/25/2013";3727,98
"03/26/2013";3748,64
"03/27/2013";3711,64
"03/28/2013";3731,42
"04/02/2013";3805,37
"04/03/2013";3754,96
"04/04/2013";3726,16
"04/05/2013";3663,48
"04/08/2013";3666,78
"04/09/2013";3670,72
"04/10/2013";3743,71
"04/11/2013";3775,66
"04/12/2013";3729,3
"04/15/2013";3710,48
"04/16/2013";3685,79
"04/17/2013";3599,23
"04/18/2013";3599,36
"04/19/2013";3651,96
"04/22/2013";3652,13
"04/23/2013";3783,05
"04/24/2013";3842,94
"04/25/2013";3840,47
"04/26/2013";3810,05
"04/29/2013";3868,68
"04/30/2013";3856,75
"05/02/2013";3858,76
"05/03/2013";3912,95
"05/06/2013";3907,04
"05/07/2013";3921,32
"05/08/2013";3956,28
"05/09/2013";3928,58
"05/10/2013";3953,83
"05/13/2013";3945,2
"05/14/2013";3966,06
"05/15/2013";3982,23
"05/16/2013";3979,07
"05/17/2013";4001,27
"05/20/2013";4022,85
"05/21/2013";4036,18
"05/22/2013";4051,11
"05/23/2013";3967,15
"05/24/2013";3956,79
"05/27/2013";3995,16
"05/28/2013";4050,56
"05/29/2013";3974,12
"05/30/2013";3996,31
"05/31/2013";3948,59
"06/03/2013";3920,67
"06/04/2013";3925,83
"06/05/2013";3852,44
"06/06/2013";3814,28
"06/07/2013";3872,59
"06/10/2013";3864,36
"06/11/2013";3810,56
"06/12/2013";3793,7
"06/13/2013";3797,98
"06/14/2013";3805,16
"06/17/2013";3863,66
"06/18/2013";3860,55
"06/19/2013";3839,34
"06/20/2013";3698,93
"06/21/2013";3658,04
"06/24/2013";3595,63
"06/25/2013";3649,82
"06/26/2013";3726,04
"06/27/2013";3762,19
"06/28/2013";3738,91
"07/01/2013";3767,48
"07/02/2013";3742,57
"07/03/2013";3702,01
"07/04/2013";3809,31
"07/05/2013";3753,85
"07/08/2013";3823,83
"07/09/2013";3843,56
"07/10/2013";3840,53
"07/11/2013";3868,98
"07/12/2013";3855,09
"07/15/2013";3878,58
"07/16/2013";3851,03
"07/17/2013";3872,02
"07/18/2013";3927,79
"07/19/2013";3925,32
"07/22/2013";3939,92
"07/23/2013";3923,09
"07/24/2013";3962,75
"07/25/2013";3956,02
"07/26/2013";3968,84
"07/29/2013";3968,91
"07/30/2013";3986,61
"07/31/2013";3992,69
"08/01/2013";4042,73
"08/02/2013";4045,65
"08/05/2013";4049,97
"08/06/2013";4032,57
"08/07/2013";4038,49
"08/08/2013";4064,32
"08/09/2013";4076,55
"08/12/2013";4071,68
"08/13/2013";4092,5
"08/14/2013";4114,2
"08/15/2013";4093,2
"08/16/2013";4123,89
"08/19/2013";4083,98
"08/20/2013";4028,93
"08/21/2013";4015,09
"08/22/2013";4059,12
"08/23/2013";4069,47
"08/26/2013";4067,13
"08/27/2013";3968,73
"08/28/2013";3960,46
"08/29/2013";3986,35
"08/30/2013";3933,78
"09/02/2013";4006,01
"09/03/2013";3974,07
"09/04/2013";3980,42
"09/05/2013";4006,8
"09/06/2013";4049,19
"09/09/2013";4040,33
"09/10/2013";4116,64
"09/11/2013";4119,11
"09/12/2013";4106,63
"09/13/2013";4114,5
"09/16/2013";4152,22
"09/17/2013";4145,51
"09/18/2013";4170,4
"09/19/2013";4206,04
"09/20/2013";4203,66
"09/23/2013";4172,08
"09/24/2013";4195,61
"09/25/2013";4195,35
"09/26/2013";4186,72
"09/27/2013";4186,77
"09/30/2013";4143,44
"10/01/2013";4196,6
"10/02/2013";4158,16
"10/03/2013";4127,98
"10/04/2013";4164,25
"10/07/2013";4165,58
"10/08/2013";4133,53
"10/09/2013";4127,05
"10/10/2013";4218,11
"10/11/2013";4219,98
"10/14/2013";4222,96
"10/15/2013";4256,02
"10/16/2013";4243,72
"10/17/2013";4239,64
"10/18/2013";4286,03
"10/21/2013";4276,92
"10/22/2013";4295,43
"10/23/2013";4260,66
"10/24/2013";4275,69
"10/25/2013";4272,31
"10/28/2013";4251,61
"10/29/2013";4278,09
"10/30/2013";4274,11
"10/31/2013";4299,89
"11/01/2013";4273,19
"11/04/2013";4288,59
"11/05/2013";4253,34
"11/06/2013";4286,93
"11/07/2013";4280,99
"11/08/2013";4260,44
"11/11/2013";4290,14
"11/12/2013";4263,78
"11/13/2013";4239,94
"11/14/2013";4283,91
"11/15/2013";4292,23
"11/18/2013";4320,68
"11/19/2013";4272,29
"11/20/2013";4268,37
"11/21/2013";4253,9
"11/22/2013";4278,53
"11/25/2013";4301,97
"11/26/2013";4277,57
"11/27/2013";4293,06
"11/28/2013";4302,42
"11/29/2013";4295,21
"12/02/2013";4285,81
"12/03/2013";4172,44
"12/04/2013";4148,52
"12/05/2013";4099,91
"12/06/2013";4129,37
"12/09/2013";4134,1
"12/10/2013";4091,14
"12/11/2013";4086,86
"12/12/2013";4069,12
"12/13/2013";4059,71
"12/16/2013";4119,88
"12/17/2013";4068,64
"12/18/2013";4109,51
"12/19/2013";4177,03
"12/20/2013";4193,77
"12/23/2013";4215,29
"12/24/2013";4218,41
"12/27/2013";4277,65
"12/30/2013";4275,71
"12/31/2013";4295,95
"01/02/2014";4227,28
"01/03/2014";4247,65
"01/06/2014";4227,54
"01/07/2014";4262,68
"01/08/2014";4260,96
"01/09/2014";4225,14
"01/10/2014";4250,6
"01/13/2014";4263,27
"01/14/2014";4274,2
"01/15/2014";4332,07
"01/16/2014";4319,27
"01/17/2014";4327,5
"01/20/2014";4322,86
"01/21/2014";4323,87
"01/22/2014";4324,98
"01/23/2014";4280,96
"01/24/2014";4161,47
"01/27/2014";4144,56
"01/28/2014";4185,29
"01/29/2014";4156,98
"01/30/2014";4180,02
"01/31/2014";4165,72
"02/03/2014";4107,75
"02/04/2014";4117,45
"02/05/2014";4117,79
"02/06/2014";4188,1
"02/07/2014";4228,18
"02/10/2014";4237,13
"02/11/2014";4283,32
"02/12/2014";4305,5
"02/13/2014";4312,8
"02/14/2014";4340,14
"02/17/2014";4335,17
"02/18/2014";4330,71
"02/19/2014";4341,1
"02/20/2014";4355,49
"02/21/2014";4381,06
"02/24/2014";4419,13
"02/25/2014";4414,55
"02/26/2014";4396,91
"02/27/2014";4396,39
"02/28/2014";4408,08
"03/03/2014";4290,87
"03/04/2014";4395,9
"03/05/2014";4391,25
"03/06/2014";4417,04
"03/07/2014";4367,88
"03/10/2014";4370,84
"03/11/2014";4349,72
"03/12/2014";4306,26
"03/13/2014";4250,51
"03/14/2014";4216,37
"03/17/2014";4271,96
"03/18/2014";4313,26
"03/19/2014";4308,06
"03/20/2014";4327,91
"03/21/2014";4335,28
"03/24/2014";4276,34
"03/25/2014";4344,12
"03/26/2014";4385,15
"03/27/2014";4379,06
"03/28/2014";4411,26
"03/31/2014";4391,5
"04/01/2014";4426,72
"04/02/2014";4430,86
"04/03/2014";4449,33
"04/04/2014";4484,55
"04/07/2014";4436,08
"04/08/2014";4424,83
"04/09/2014";4442,68
"04/10/2014";4413,49
"04/11/2014";4365,86
"04/14/2014";4384,56
"04/15/2014";4345,35
"04/16/2014";4405,66
"04/17/2014";4431,81
"04/22/2014";4484,21
"04/23/2014";4451,08
"04/24/2014";4479,54
"04/25/2014";4443,63
"04/28/2014";4460,53
"04/29/2014";4497,68
"04/30/2014";4487,39
"05/02/2014";4458,17
"05/05/2014";4462,69
"05/06/2014";4428,07
"05/07/2014";4446,44
"05/08/2014";4507,24
"05/09/2014";4477,28
"05/12/2014";4493,65
"05/13/2014";4505,02
"05/14/2014";4501,04
"05/15/2014";4444,93
"05/16/2014";4456,28
"05/19/2014";4469,76
"05/20/2014";4452,35
"05/21/2014";4469,03
"05/22/2014";4478,21
"05/23/2014";4493,15
"05/26/2014";4526,93
"05/27/2014";4529,75
"05/28/2014";4531,63
"05/29/2014";4530,51
"05/30/2014";4519,57
"06/02/2014";4515,89
"06/03/2014";4503,69
"06/04/2014";4501
"06/05/2014";4548,73
"06/06/2014";4581,12
"06/09/2014";4589,12
"06/10/2014";4595
"06/11/2014";4555,11
"06/12/2014";4554,4
"06/13/2014";4543,28
"06/16/2014";4510,05
"06/17/2014";4536,07
"06/18/2014";4530,37
"06/19/2014";4563,04
"06/20/2014";4541,34
"06/23/2014";4515,57
"06/24/2014";4518,34
"06/25/2014";4460,6
"06/26/2014";4439,63
"06/27/2014";4436,99
"06/30/2014";4422,84
"07/01/2014";4461,12
"07/02/2014";4444,72
"07/03/2014";4489,88
"07/04/2014";4468,98
"07/07/2014";4405,76
"07/08/2014";4342,53
"07/09/2014";4359,84
"07/10/2014";4301,26
"07/11/2014";4316,5
"07/14/2014";4350,04
"07/15/2014";4305,31
"07/16/2014";4369,06
"07/17/2014";4316,12
"07/18/2014";4335,31
"07/21/2014";4304,74
"07/22/2014";4369,52
"07/23/2014";4376,32
"07/24/2014";4410,65
"07/25/2014";4330,55
"07/28/2014";4344,77
"07/29/2014";4365,58
"07/30/2014";4312,3
"07/31/2014";4246,14
"08/01/2014";4202,78
"08/04/2014";4217,22
"08/05/2014";4232,88
"08/06/2014";4207,14
"08/07/2014";4149,83
"08/08/2014";4147,81
"08/11/2014";4197,7
"08/12/2014";4162,16
"08/13/2014";4194,79
"08/14/2014";4205,43
"08/15/2014";4174,36
"08/18/2014";4230,65
"08/19/2014";4254,45
"08/20/2014";4240,79
"08/21/2014";4292,93
"08/22/2014";4252,8
"08/25/2014";4342,11
"08/26/2014";4393,41
"08/27/2014";4395,26
"08/28/2014";4366,04
"08/29/2014";4381,04
"09/01/2014";4379,73
"09/02/2014";4378,33
"09/03/2014";4421,87
"09/04/2014";4494,94
"09/05/2014";4486,49
"09/08/2014";4474,93
"09/09/2014";4452,37
"09/10/2014";4450,79
"09/11/2014";4440,9
"09/12/2014";4441,7
"09/15/2014";4428,63
"09/16/2014";4409,15
"09/17/2014";4431,41
"09/18/2014";4464,7
"09/19/2014";4461,22
"09/22/2014";4442,55
"09/23/2014";4359,35
"09/24/2014";4413,72
"09/25/2014";4355,28
"09/26/2014";4394,75
"09/29/2014";4358,07
"09/30/2014";4416,24
"10/01/2014";4365,27
"10/02/2014";4242,67
"10/03/2014";4281,74
"10/06/2014";4286,52
"10/07/2014";4209,14
"10/08/2014";4168,12
"10/09/2014";4141,45
"10/10/2014";4073,71
"10/13/2014";4078,7
"10/14/2014";4088,25
"10/15/2014";3939,72
"10/16/2014";3918,62
"10/17/2014";4033,18
"10/20/2014";3991,24
"10/21/2014";4081,24
"10/22/2014";4105,09
"10/23/2014";4157,68
"10/24/2014";4128,9
"10/27/2014";4096,74
"10/28/2014";4112,67
"10/29/2014";4110,64
"10/30/2014";4141,24
"10/31/2014";4233,09
"11/03/2014";4194,03
"11/04/2014";4130,19
"11/05/2014";4208,42
"11/06/2014";4227,68
"11/07/2014";4189,89
"11/10/2014";4222,82
"11/11/2014";4244,1
"11/12/2014";4179,88
"11/13/2014";4187,95
"11/14/2014";4202,46
"11/17/2014";4226,1
"11/18/2014";4262,38
"11/19/2014";4266,19
"11/20/2014";4234,21
"11/21/2014";4347,23
"11/24/2014";4368,44
"11/25/2014";4382,31
"11/26/2014";4373,42
"11/27/2014";4382,34
"11/28/2014";4390,18
"12/01/2014";4377,33
"12/02/2014";4388,3
"12/03/2014";4391,86
"12/04/2014";4323,89
"12/05/2014";4419,48
"12/08/2014";4375,48
"12/09/2014";4263,94
"12/10/2014";4227,91
"12/11/2014";4225,86
"12/12/2014";4108,93
"12/15/2014";4005,38
"12/16/2014";4093,2
"12/17/2014";4111,91
"12/18/2014";4249,49
"12/19/2014";4241,65
"12/22/2014";4254,43
"12/23/2014";4314,97
"12/24/2014";4295,85
"12/29/2014";4317,93
"12/30/2014";4245,54
"12/31/2014";4272,75
"01/02/2015";4252,29
"01/05/2015";4111,36
"01/06/2015";4083,5
"01/07/2015";4112,73
"01/08/2015";4260,19
"01/09/2015";4179,07
"01/12/2015";4228,24
"01/13/2015";4290,28
"01/14/2015";4223,24
"01/15/2015";4323,2
"01/16/2015";4379,62
"01/19/2015";4394,93
"01/20/2015";4446,02
"01/21/2015";4484,82
"01/22/2015";4552,8
"01/23/2015";4640,69
"01/26/2015";4675,13
"01/27/2015";4624,21
"01/28/2015";4610,94
"01/29/2015";4631,43
"01/30/2015";4604,25
"02/02/2015";4627,67
"02/03/2015";4677,9
"02/04/2015";4696,3
"02/05/2015";4703,3
"02/06/2015";4691,03
"02/09/2015";4651,0801
"02/10/2015";4695,65
"02/11/2015";4679,38
"02/12/2015";4726,2
"02/13/2015";4759,36
"02/16/2015";4751,95
"02/17/2015";4753,99
"02/18/2015";4799,03
"02/19/2015";4833,28
"02/20/2015";4830,9
"02/23/2015";4862,3
"02/24/2015";4886,44
"02/25/2015";4882,22
"02/26/2015";4910,62
"02/27/2015";4951,48
"03/02/2015";4917,32
"03/03/2015";4869,25
"03/04/2015";4917,35
"03/05/2015";4963,51
"03/06/2015";4964,35
"03/09/2015";4937,2
"03/10/2015";4881,95
"03/11/2015";4997,75
"03/12/2015";4987,33
"03/13/2015";5010,46
"03/16/2015";5061,16
"03/17/2015";5028,93
"03/18/2015";5033,42
"03/19/2015";5037,18
"03/20/2015";5087,49
"03/23/2015";5054,52
"03/24/2015";5088,28
"03/25/2015";5020,99
"03/26/2015";5006,35
"03/27/2015";5034,06
"03/30/2015";5083,52
"03/31/2015";5033,64
"04/01/2015";5062,22
"04/02/2015";5074,14
"04/07/2015";5151,19
"04/08/2015";5136,86
"04/09/2015";5208,95
"04/10/2015";5240,46
"04/13/2015";5254,12
"04/14/2015";5218,06
"04/15/2015";5254,35
"04/16/2015";5224,49
"04/17/2015";5143,26
"04/20/2015";5187,59
"04/21/2015";5192,64
"04/22/2015";5211,09
"04/23/2015";5178,91
"04/24/2015";5201,45
"04/27/2015";5268,91
"04/28/2015";5173,38
"04/29/2015";5039,39
"04/30/2015";5046,49
"05/04/2015";5081,97
"05/05/2015";4974,07
"05/06/2015";4981,59
"05/07/2015";4967,22
"05/08/2015";5090,39
"05/11/2015";5027,87
"05/12/2015";4974,65
"05/13/2015";4961,86
"05/14/2015";5029,31
"05/15/2015";4993,82
"05/18/2015";5012,31
"05/19/2015";5117,3
"05/20/2015";5133,3
"05/21/2015";5146,7
"05/22/2015";5142,89
"05/25/2015";5117,17
"05/26/2015";5083,54
"05/27/2015";5182,53
"05/28/2015";5137,83
"05/29/2015";5007,89
"06/01/2015";5025,3
"06/02/2015";5004,46
"06/03/2015";5034,17
"06/04/2015";4987,13
"06/05/2015";4920,74
"06/08/2015";4857,66
"06/09/2015";4850,22
"06/10/2015";4934,91
"06/11/2015";4971,37
"06/12/2015";4901,19
"06/15/2015";4815,36
"06/16/2015";4839,86
"06/17/2015";4790,62
"06/18/2015";4803,48
"06/19/2015";4815,37
"06/22/2015";4998,61
"06/23/2015";5057,68
"06/24/2015";5045,35
"06/25/2015";5041,71
"06/26/2015";5059,17
"06/29/2015";4869,82
"06/30/2015";4790,2
"07/01/2015";4883,19
"07/02/2015";4835,56
"07/03/2015";4808,22
"07/06/2015";4711,54
"07/07/2015";4604,64
"07/08/2015";4639,02
"07/09/2015";4757,22
"07/10/2015";4903,07
"07/13/2015";4998,1
"07/14/2015";5032,47
"07/15/2015";5047,24
"07/16/2015";5121,5
"07/17/2015";5124,39
"07/20/2015";5142,49
"07/21/2015";5106,57
"07/22/2015";5082,57
"07/23/2015";5086,74
"07/24/2015";5057,36
"07/27/2015";4927,6
"07/28/2015";4977,32
"07/29/2015";5017,44
"07/30/2015";5046,42
"07/31/2015";5082,61
"08/03/2015";5120,52
"08/04/2015";5112,14
"08/05/2015";5196,73
"08/06/2015";5192,11
"08/07/2015";5154,75
"08/10/2015";5195,41
"08/11/2015";5099,03
"08/12/2015";4925,43
"08/13/2015";4986,85
"08/14/2015";4956,47
"08/17/2015";4984,83
"08/18/2015";4971,25
"08/19/2015";4884,1
"08/20/2015";4783,55
"08/21/2015";4630,99
"08/24/2015";4383,46
"08/25/2015";4564,86
"08/26/2015";4501,05
"08/27/2015";4658,18
"08/28/2015";4675,13
"08/31/2015";4652,95
"09/01/2015";4541,16
"09/02/2015";4554,92
"09/03/2015";4653,79
"09/04/2015";4523,08
"09/07/2015";4549,6401
"09/08/2015";4598,26
"09/09/2015";4664,59
"09/10/2015";4596,53
"09/11/2015";4548,72
"09/14/2015";4518,15
"09/15/2015";4569,37
"09/16/2015";4645,84
"09/17/2015";4655,14
"09/18/2015";4535,85
"09/21/2015";4585,5
"09/22/2015";4428,51
"09/23/2015";4432,83
"09/24/2015";4347,24
"09/25/2015";4480,66
"09/28/2015";4357,05
"09/29/2015";4343,73
"09/30/2015";4455,29
"10/01/2015";4426,54
"10/02/2015";4458,88
"10/05/2015";4616,9
"10/06/2015";4660,64
"10/07/2015";4667,34
"10/08/2015";4675,91
"10/09/2015";4701,39
"10/12/2015";4688,7
"10/13/2015";4643,38
"10/14/2015";4609,03
"10/15/2015";4675,29
"10/16/2015";4702,79
"10/19/2015";4704,07
"10/20/2015";4673,81
"10/21/2015";4695,1
"10/22/2015";4802,18
"10/23/2015";4923,64
"10/26/2015";4897,13
"10/27/2015";4847,07
"10/28/2015";4890,58
"10/29/2015";4885,82
"10/30/2015";4897,66
"11/02/2015";4916,21
"11/03/2015";4936,18
"11/04/2015";4948,29
"11/05/2015";4980,04
"11/06/2015";4984,15
"11/09/2015";4911,17
"11/10/2015";4912,16
"11/11/2015";4952,51
"11/12/2015";4856,65
"11/13/2015";4807,95
"11/16/2015";4804,31
"11/17/2015";4937,31
"11/18/2015";4906,72
"11/19/2015";4915,1
"11/20/2015";4910,97
"11/23/2015";4889,12
"11/24/2015";4820,28
"11/25/2015";4892,99
"11/26/2015";4946,02
"11/27/2015";4930,14
"11/30/2015";4957,6
"12/01/2015";4914,53
"12/02/2015";4905,76
"12/03/2015";4730,21
"12/04/2015";4714,79
"12/07/2015";4756,41
"12/08/2015";4681,86
"12/09/2015";4637,45
"12/10/2015";4635,06
"12/11/2015";4549,56
"12/14/2015";4473,07
"12/15/2015";4614,4
"12/16/2015";4624,67
"12/17/2015";4677,54
"12/18/2015";4625,26
"12/21/2015";4565,17
"12/22/2015";4567,6
"12/23/2015";4674,53
"12/24/2015";4663,18
"12/28/2015";4617,95
"12/29/2015";4701,36
"12/30/2015";4677,14
"12/31/2015";4637,06
"01/04/2016";4522,45
"01/05/2016";4537,63
"01/06/2016";4480,47
"01/07/2016";4403,58
"01/08/2016";4333,76
"01/11/2016";4312,74
"01/12/2016";4378,75
"01/13/2016";4391,94
"01/14/2016";4312,89
"01/15/2016";4210,16
"01/18/2016";4189,5698
"01/19/2016";4272,26
"01/20/2016";4124,95
"01/21/2016";4206,4
"01/22/2016";4336,69
"01/25/2016";4311,33
"01/26/2016";4356,81
"01/27/2016";4380,36
"01/28/2016";4322,16
"01/29/2016";4417,02
"02/01/2016";4392,33
"02/02/2016";4283,99
"02/03/2016";4226,96
"02/04/2016";4228,53
"02/05/2016";4200,67
"02/08/2016";4066,31
"02/09/2016";3997,54
"02/10/2016";4061,2
"02/11/2016";3896,71
"02/12/2016";3995,06
"02/15/2016";4115,25
"02/16/2016";4110,66
"02/17/2016";4233,47
"02/18/2016";4239,76
"02/19/2016";4223,04
"02/22/2016";4298,7
"02/23/2016";4238,42
"02/24/2016";4155,34
"02/25/2016";4248,45
"02/26/2016";4314,57
"02/29/2016";4353,55
"03/01/2016";4406,84
"03/02/2016";4424,89
"03/03/2016";4416,08
"03/04/2016";4456,62
"03/07/2016";4442,29
"03/08/2016";4404,02
"03/09/2016";4425,65
"03/10/2016";4350,35
"03/11/2016";4492,79
"03/14/2016";4506,59
"03/15/2016";4472,63
"03/16/2016";4463
"03/17/2016";4442,89
"03/18/2016";4462,51
"03/21/2016";4427,8
"03/22/2016";4431,97
"03/23/2016";4423,98
"03/24/2016";4329,68
"03/29/2016";4366,67
"03/30/2016";4444,42
"03/31/2016";4385,06
"04/01/2016";4322,24
"04/04/2016";4345,22
"04/05/2016";4250,28
"04/06/2016";4284,64
"04/07/2016";4245,91
"04/08/2016";4303,12
"04/11/2016";4312,63
"04/12/2016";4345,91
"04/13/2016";4490,31
"04/14/2016";4511,51
"04/15/2016";4495,17
"04/18/2016";4506,84
"04/19/2016";4566,48
"04/20/2016";4591,92
"04/21/2016";4582,83
"04/22/2016";4569,66
"04/25/2016";4546,12
"04/26/2016";4533,18
"04/27/2016";4559,4
"04/28/2016";4557,36
"04/29/2016";4428,96
"05/02/2016";4442,75
"05/03/2016";4371,98
"05/04/2016";4324,23
"05/05/2016";4319,46
"05/06/2016";4301,24
"05/09/2016";4322,81
"05/10/2016";4338,21
"05/11/2016";4316,67
"05/12/2016";4293,27
"05/13/2016";4319,99
"05/16/2016";4312,28
"05/17/2016";4297,57
"05/18/2016";4319,3
"05/19/2016";4282,54
"05/20/2016";4353,9
"05/23/2016";4325,1
"05/24/2016";4431,52
"05/25/2016";4481,64
"05/26/2016";4512,64
"05/27/2016";4514,74
"05/30/2016";4529,3999
"05/31/2016";4505,62
"06/01/2016";4475,39
"06/02/2016";4466
"06/03/2016";4421,78
"06/06/2016";4423,38
"06/07/2016";4475,86
"06/08/2016";4448,73
"06/09/2016";4405,61
"06/10/2016";4306,72
"06/13/2016";4227,02
"06/14/2016";4130,33
"06/15/2016";4171,58
"06/16/2016";4153,01
"06/17/2016";4193,83
"06/20/2016";4340,76
"06/21/2016";4367,24
"06/22/2016";4380,03
"06/23/2016";4465,9
"06/24/2016";4106,73
"06/27/2016";3984,72
"06/28/2016";4088,85
"06/29/2016";4195,32
"06/30/2016";4237,48
"07/01/2016";4273,96
"07/04/2016";4234,8599
"07/05/2016";4163,42
"07/06/2016";4085,3
"07/07/2016";4117,85
"07/08/2016";4190,68
"07/11/2016";4264,53
"07/12/2016";4331,38
"07/13/2016";4335,26
"07/14/2016";4385,52
"07/15/2016";4372,51
"07/18/2016";4357,74
"07/19/2016";4330,13
"07/20/2016";4379,76
"07/21/2016";4376,25
"07/22/2016";4381,1
"07/25/2016";4388
"07/26/2016";4394,77
"07/27/2016";4446,96
"07/28/2016";4420,58
"07/29/2016";4439,81
"08/01/2016";4409,17
"08/02/2016";4327,99
"08/03/2016";4321,08
"08/04/2016";4345,63
"08/05/2016";4410,55
"08/08/2016";4415,46
"08/09/2016";4468,07
"08/10/2016";4452,01
"08/11/2016";4503,95
"08/12/2016";4500,19
"08/15/2016";4497,86
"08/16/2016";4460,44
"08/17/2016";4417,68
"08/18/2016";4437,06
"08/19/2016";4400,52
"08/22/2016";4389,94
"08/23/2016";4421,45
"08/24/2016";4435,47
"08/25/2016";4406,61
"08/26/2016";4441,87
"08/29/2016";4424,25
"08/30/2016";4457,49
"08/31/2016";4438,22
"09/01/2016";4439,67
"09/02/2016";4542,17
"09/05/2016";4541,0801
"09/06/2016";4529,96
"09/07/2016";4557,66
"09/08/2016";4542,2
"09/09/2016";4491,4
"09/12/2016";4439,8
"09/13/2016";4387,18
"09/14/2016";4370,26
"09/15/2016";4373,22
"09/16/2016";4332,45
"09/19/2016";4394,19
"09/20/2016";4388,6
"09/21/2016";4409,55
"09/22/2016";4509,82
"09/23/2016";4488,69
"09/26/2016";4407,85
"09/27/2016";4398,68
"09/28/2016";4432,45
"09/29/2016";4443,84
"09/30/2016";4448,26
"10/03/2016";4453,56
"10/04/2016";4503,09
"10/05/2016";4489,95
"10/06/2016";4480,1
"10/07/2016";4449,91
"10/10/2016";4497,26
"10/11/2016";4471,74
"10/12/2016";4452,24
"10/13/2016";4405,17
"10/14/2016";4470,92
"10/17/2016";4450,23
"10/18/2016";4508,91
"10/19/2016";4520,3
"10/20/2016";4540,12
"10/21/2016";4536,07
"10/24/2016";4552,58
"10/25/2016";4540,84
"10/26/2016";4534,59
"10/27/2016";4533,57
"10/28/2016";4548,58
"10/31/2016";4509,26
"11/01/2016";4470,28
"11/02/2016";4414,67
"11/03/2016";4411,68
"11/04/2016";4377,46
"11/07/2016";4461,21
"11/08/2016";4476,89
"11/09/2016";4543,48
"11/10/2016";4530,95
"11/11/2016";4489,27
"11/14/2016";4508,55
"11/15/2016";4536,53
"11/16/2016";4501,14
"11/17/2016";4527,77
"11/18/2016";4504,35
"11/21/2016";4529,58
"11/22/2016";4548,35
"11/23/2016";4529,21
"11/24/2016";4542,5601
"11/25/2016";4550,27
"11/28/2016";4510,39
"11/29/2016";4551,46
"11/30/2016";4578,34
"12/01/2016";4560,61
"12/02/2016";4528,82
"12/05/2016";4574,32
"12/06/2016";4631,94
"12/07/2016";4694,72
"12/08/2016";4735,48
"12/09/2016";4764,07
"12/12/2016";4760,77
"12/13/2016";4803,87
"12/14/2016";4769,24
"12/15/2016";4819,23
"12/16/2016";4833,27
"12/19/2016";4822,77
"12/20/2016";4849,89
"12/21/2016";4833,82
"12/22/2016";4834,63
"12/23/2016";4839,68
"12/27/2016";4848,28
"12/28/2016";4848,01
"12/29/2016";4838,47
"12/30/2016";4862,31
"01/02/2017";4882,38
"01/03/2017";4899,33
"01/04/2017";4899,4
"01/05/2017";4900,64
"01/06/2017";4909,84
"01/09/2017";4887,57
"01/10/2017";4888,23
"01/11/2017";4888,71
"01/12/2017";4863,97
"01/13/2017";4922,49
"01/16/2017";4882,18
"01/17/2017";4859,69
"01/18/2017";4853,4
"01/19/2017";4841,14
"01/20/2017";4850,67
"01/23/2017";4821,41
"01/24/2017";4830,03
"01/25/2017";4877,67
"01/26/2017";4867,24
"01/27/2017";4839,98
"01/30/2017";4784,64
"01/31/2017";4748,9
"02/01/2017";4794,58
"02/02/2017";4794,29
"02/03/2017";4825,42
"02/06/2017";4778,08
"02/07/2017";4754,47
"02/08/2017";4766,6
"02/09/2017";4826,24
"02/10/2017";4828,32
"02/13/2017";4888,19
"02/14/2017";4895,82
"02/15/2017";4924,86
"02/16/2017";4899,46
"02/17/2017";4867,58
"02/20/2017";4864,99
"02/21/2017";4888,76
"02/22/2017";4895,88
"02/23/2017";4891,29
"02/24/2017";4845,24
"02/27/2017";4845,18
"02/28/2017";4858,58
"03/01/2017";4960,83
"03/02/2017";4963,8
"03/03/2017";4995,13
"03/06/2017";4972,19
"03/07/2017";4955
"03/08/2017";4960,48
"03/09/2017";4981,51
"03/10/2017";4993,32
"03/13/2017";4999,6
"03/14/2017";4974,26
"03/15/2017";4985,48
"03/16/2017";5013,38
"03/17/2017";5029,24
"03/20/2017";5012,16
"03/21/2017";5002,43
"03/22/2017";4994,7
"03/23/2017";5032,76
"03/24/2017";5020,9
"03/27/2017";5017,43
"03/28/2017";5046,2
"03/29/2017";5069,04
"03/30/2017";5089,64
"03/31/2017";5122,51
"04/03/2017";5085,91
"04/04/2017";5101,13
"04/05/2017";5091,85
"04/06/2017";5121,44
"04/07/2017";5135,28
"04/10/2017";5107,45
"04/11/2017";5101,86
"04/12/2017";5101,11
"04/13/2017";5071,1
"04/18/2017";4990,25
"04/19/2017";5003,73
"04/20/2017";5077,91
"04/21/2017";5059,2
"04/24/2017";5268,85
"04/25/2017";5277,88
"04/26/2017";5287,88
"04/27/2017";5271,7
"04/28/2017";5267,33
"05/02/2017";5304,15
"05/03/2017";5301
"05/04/2017";5372,42
"05/05/2017";5432,4
"05/08/2017";5382,95
"05/09/2017";5398,01
"05/10/2017";5400,46
"05/11/2017";5383,42
"05/12/2017";5405,42
"05/15/2017";5417,4
"05/16/2017";5406,1
"05/17/2017";5317,89
"05/18/2017";5289,73
"05/19/2017";5324,4
"05/22/2017";5322,88
"05/23/2017";5348,16
"05/24/2017";5341,34
"05/25/2017";5337,16
"05/26/2017";5336,64
"05/29/2017";5332,47
"05/30/2017";5305,94
"05/31/2017";5283,63
"06/01/2017";5318,67
"06/02/2017";5343,41
"06/05/2017";5307,89
"06/06/2017";5269,22
"06/07/2017";5265,53
"06/08/2017";5264,24
"06/09/2017";5299,71
"06/12/2017";5240,59
"06/13/2017";5261,74
"06/14/2017";5243,29
"06/15/2017";5216,88
"06/16/2017";5263,31
"06/19/2017";5310,72
"06/20/2017";5293,65
"06/21/2017";5274,26
"06/22/2017";5281,93
"06/23/2017";5266,12
"06/26/2017";5295,75
"06/27/2017";5258,58
"06/28/2017";5252,9
"06/29/2017";5154,35
"06/30/2017";5120,68
"07/03/2017";5195,72
"07/04/2017";5174,9
"07/05/2017";5180,1
"07/06/2017";5152,4
"07/07/2017";5145,16
"07/10/2017";5165,64
"07/11/2017";5140,6
"07/12/2017";5222,13
"07/13/2017";5235,4
"07/14/2017";5235,31
"07/17/2017";5230,17
"07/18/2017";5173,27
"07/19/2017";5216,07
"07/20/2017";5199,22
"07/21/2017";5117,66
"07/24/2017";5127,7
"07/25/2017";5161,08
"07/26/2017";5190,17
"07/27/2017";5186,95
"07/28/2017";5131,39
"07/31/2017";5093,77
"08/01/2017";5127,03
"08/02/2017";5107,25
"08/03/2017";5130,49
"08/04/2017";5203,44
"08/07/2017";5207,89
"08/08/2017";5218,89
"08/09/2017";5145,7
"08/10/2017";5115,23
"08/11/2017";5060,92
"08/14/2017";5121,67
"08/15/2017";5140,25
"08/16/2017";5176,61
"08/17/2017";5146,85
"08/18/2017";5114,15
"08/21/2017";5087,59
"08/22/2017";5131,86
"08/23/2017";5115,39
"08/24/2017";5113,13
"08/25/2017";5104,33
"08/28/2017";5079,75
"08/29/2017";5031,92
"08/30/2017";5056,34
"08/31/2017";5085,59
"09/01/2017";5123,26
"09/05/2017";5086,56
"09/06/2017";5101,41
"09/07/2017";5114,62
"09/08/2017";5113,49
"09/11/2017";5176,71
"09/12/2017";5209,01
"09/13/2017";5217,59
"09/14/2017";5225,2
"09/15/2017";5213,91
"09/18/2017";5229,32
"09/19/2017";5237,44
"09/20/2017";5241,66
"09/21/2017";5267,29
"09/22/2017";5281,29
"09/25/2017";5267,13
"09/26/2017";5268,76
"09/27/2017";5281,96
"09/28/2017";5293,77
"09/29/2017";5329,81
"10/02/2017";5350,44
"10/03/2017";5367,41
"10/04/2017";5363,23
"10/05/2017";5379,21
"10/06/2017";5359,9
"10/09/2017";5365,83
"10/10/2017";5363,65
"10/11/2017";5362,41
"10/12/2017";5360,81
"10/13/2017";5351,74
"10/16/2017";5362,88
"10/17/2017";5361,37
"10/18/2017";5383,81
"10/19/2017";5368,29
"10/20/2017";5372,38
"10/23/2017";5386,81
"10/24/2017";5394,8
"10/25/2017";5374,89
"10/26/2017";5455,4
"10/27/2017";5494,13
"10/30/2017";5493,63
"10/31/2017";5503,29
"11/01/2017";5514,29
"11/02/2017";5510,5
"11/03/2017";5517,97
"11/06/2017";5507,25
"11/07/2017";5480,64
"11/08/2017";5471,43
"11/09/2017";5407,75
"11/10/2017";5380,72
"11/13/2017";5341,63
"11/14/2017";5315,58
"11/15/2017";5301,25
"11/16/2017";5336,39
"11/17/2017";5319,17
"11/21/2017";5366,15
"11/22/2017";5352,76
"11/24/2017";5390,46
"11/27/2017";5360,09
"11/28/2017";5390,48
"11/29/2017";5398,05
"11/30/2017";5372,79
"12/01/2017";5316,89
"12/04/2017";5389,29
"12/05/2017";5375,53
"12/06/2017";5374,35
"12/07/2017";5383,86
"12/08/2017";5399,09
"12/11/2017";5386,83
"12/12/2017";5427,19
"12/13/2017";5399,45
"12/14/2017";5357,14
"12/15/2017";5349,3
"12/18/2017";5420,58
"12/19/2017";5382,91
"12/20/2017";5352,77
"12/21/2017";5385,97
"12/22/2017";5364,72
"12/27/2017";5368,84
"12/28/2017";5339,42
"12/29/2017";5312,56
"01/02/2018";5288,6
"01/03/2018";5331,28
"01/04/2018";5413,69
"01/05/2018";5470,75
"01/08/2018";5487,42
"01/09/2018";5523,94
"01/10/2018";5504,68
"01/11/2018";5488,55
"01/12/2018";5517,06
"01/16/2018";5513,82
"01/17/2018";5493,99
"01/18/2018";5494,83
"01/19/2018";5526,51
"01/22/2018";5541,99
"01/23/2018";5535,26
"01/24/2018";5495,16
"01/25/2018";5481,21
"01/26/2018";5529,15
"01/29/2018";5521,59
"01/30/2018";5473,78
"01/31/2018";5481,93
"02/01/2018";5454,55
"02/02/2018";5364,98
"02/05/2018";5285,83
"02/06/2018";5161,81
"02/07/2018";5255,9
"02/08/2018";5151,68
"02/09/2018";5079,21
"02/12/2018";5140,06
"02/13/2018";5109,24
"02/14/2018";5165,26
"02/15/2018";5222,52
"02/16/2018";5281,58
"02/20/2018";5289,86
"02/21/2018";5302,17
"02/22/2018";5309,23
"02/23/2018";5317,37
"02/26/2018";5344,26
"02/27/2018";5343,93
"02/28/2018";5320,49
"03/01/2018";5262,56
"03/02/2018";5136,58
"03/05/2018";5167,23
"03/06/2018";5170,23
"03/07/2018";5187,83
"03/08/2018";5254,1
"03/09/2018";5274,4
"03/12/2018";5276,71
"03/13/2018";5242,79
"03/14/2018";5233,36
"03/15/2018";5267,26
"03/16/2018";5282,75
"03/19/2018";5222,84
"03/20/2018";5252,43
"03/21/2018";5239,74
"03/22/2018";5167,21
"03/23/2018";5095,22
"03/26/2018";5066,28
"03/27/2018";5115,74
"03/28/2018";5130,44
"03/29/2018";5167,3
"04/03/2018";5152,12
"04/04/2018";5141,8
"04/05/2018";5276,67
"04/06/2018";5258,24
"04/09/2018";5263,39
"04/10/2018";5307,56
"04/11/2018";5277,94
"04/12/2018";5309,22
"04/13/2018";5315,02
"04/16/2018";5312,96
"04/17/2018";5353,54
"04/18/2018";5380,17
"04/19/2018";5391,64
"04/20/2018";5412,83
"04/23/2018";5438,55
"04/24/2018";5444,16
"04/25/2018";5413,3
"04/26/2018";5453,58
"04/27/2018";5483,19
"04/30/2018";5520,5
"05/02/2018";5529,22
"05/03/2018";5501,66
"05/04/2018";5516,05
"05/07/2018";5531,42
"05/08/2018";5521,93
"05/09/2018";5534,63
"05/10/2018";5545,95
"05/11/2018";5541,94
"05/14/2018";5540,68
"05/15/2018";5553,16
"05/16/2018";5567,54
"05/17/2018";5621,92
"05/18/2018";5614,51
"05/21/2018";5637,51
"05/22/2018";5640,1
"05/23/2018";5565,85
"05/24/2018";5548,45
"05/25/2018";5542,55
"05/29/2018";5438,06
"05/30/2018";5427,35
"05/31/2018";5398,4
"06/01/2018";5465,53
"06/04/2018";5472,91
"06/05/2018";5460,95
"06/06/2018";5457,56
"06/07/2018";5448,36
"06/08/2018";5450,22
"06/11/2018";5473,91
"06/12/2018";5453,37
"06/13/2018";5452,73
"06/14/2018";5528,46
"06/15/2018";5501,88
"06/18/2018";5450,48
"06/19/2018";5390,63
"06/20/2018";5372,31
"06/21/2018";5316,01
"06/22/2018";5387,38
"06/25/2018";5283,86
"06/26/2018";5281,29
"06/27/2018";5327,2
"06/28/2018";5275,64
"06/29/2018";5323,53
"07/02/2018";5276,76
"07/03/2018";5316,77
"07/05/2018";5366,32
"07/06/2018";5375,77
"07/09/2018";5398,11
"07/10/2018";5434,36
"07/11/2018";5353,93
"07/12/2018";5405,9
"07/13/2018";5429,2
"07/16/2018";5409,43
"07/17/2018";5422,54
"07/18/2018";5447,44
"07/19/2018";5417,07
"07/20/2018";5398,32
"07/23/2018";5378,25
"07/24/2018";5434,19
"07/25/2018";5426,41
"07/26/2018";5480,55
"07/27/2018";5511,76
"07/30/2018";5491,22
"07/31/2018";5511,3
"08/01/2018";5498,37
"08/02/2018";5460,98
"08/03/2018";5478,98
"08/06/2018";5477,18
"08/07/2018";5521,31
"08/08/2018";5501,9
"08/09/2018";5502,25
"08/10/2018";5414,68
"08/13/2018";5412,32
"08/14/2018";5403,41
"08/15/2018";5305,22
"08/16/2018";5349,02
"08/17/2018";5344,93
"08/20/2018";5379,65
"08/21/2018";5408,6
"08/22/2018";5420,61
"08/23/2018";5419,33
"08/24/2018";5432,5
"08/27/2018";5479,1
"08/28/2018";5484,99
"08/29/2018";5501,33
"08/30/2018";5478,06
"08/31/2018";5406,85
"09/04/2018";5342,7
"09/05/2018";5260,22
"09/06/2018";5243,84
"09/07/2018";5252,22
"09/10/2018";5269,63
"09/11/2018";5283,79
"09/12/2018";5332,13
"09/13/2018";5328,12
"09/14/2018";5352,57
"09/17/2018";5348,87
"09/18/2018";5363,79
"09/19/2018";5393,74
"09/20/2018";5451,59
"09/21/2018";5494,17
"09/24/2018";5476,17
"09/25/2018";5479,1
"09/26/2018";5512,73
"09/27/2018";5540,41
"09/28/2018";5493,49
"10/01/2018";5506,82
"10/02/2018";5467,89
"10/03/2018";5491,4
"10/04/2018";5410,85
"10/05/2018";5359,36
"10/08/2018";5300,25
"10/09/2018";5318,55
"10/10/2018";5206,22
"10/11/2018";5106,37
"10/12/2018";5095,98
"10/15/2018";5095,07
"10/16/2018";5173,05
"10/17/2018";5144,95
"10/18/2018";5116,79
"10/19/2018";5084,66
"10/22/2018";5053,31
"10/23/2018";4967,69
"10/24/2018";4953,09
"10/25/2018";5032,3
"10/26/2018";4967,37
"10/29/2018";4989,35
"10/30/2018";4978,53
"10/31/2018";5093,44
"11/01/2018";5085,78
"11/02/2018";5102,13
"11/05/2018";5101,39
"11/06/2018";5075,19
"11/07/2018";5137,94
"11/08/2018";5131,45
"11/09/2018";5106,75
"11/12/2018";5059,09
"11/13/2018";5101,85
"11/14/2018";5068,85
"11/15/2018";5033,62
"11/16/2018";5025,2
"11/19/2018";4985,45
"11/20/2018";4924,89
"11/21/2018";4975,5
"11/23/2018";4946,95
"11/26/2018";4994,98
"11/27/2018";4983,15
"11/28/2018";4983,24
"11/29/2018";5006,25
"11/30/2018";5003,92
"12/03/2018";5053,98
"12/04/2018";5012,66
"12/05/2018";4944,37
"12/06/2018";4780,46
"12/07/2018";4813,13
"12/10/2018";4742,38
"12/11/2018";4806,2
"12/12/2018";4909,45
"12/13/2018";4896,92
"12/14/2018";4853,7
"12/17/2018";4799,87
"12/18/2018";4754,08
"12/19/2018";4777,45
"12/20/2018";4692,46
"12/21/2018";4694,38
"12/24/2018";4626,39
"12/27/2018";4598,61
"12/28/2018";4678,74
"12/31/2018";4730,69
"01/02/2019";4689,39
"01/03/2019";4611,49
"01/04/2019";4737,12
"01/07/2019";4719,17
"01/08/2019";4773,27
"01/09/2019";4813,58
"01/10/2019";4805,66
"01/11/2019";4781,34
"01/14/2019";4762,75
"01/15/2019";4786,17
"01/16/2019";4810,74
"01/17/2019";4794,37
"01/18/2019";4875,93
"01/22/2019";4847,53
"01/23/2019";4840,38
"01/24/2019";4871,96
"01/25/2019";4925,82
"01/28/2019";4888,58
"01/29/2019";4928,18
"01/30/2019";4974,76
"01/31/2019";4992,72
"02/01/2019";5019,26
"02/04/2019";5000,19
"02/05/2019";5083,34
"02/06/2019";5079,05
"02/07/2019";4985,56
"02/08/2019";4961,64
"02/11/2019";5014,47
"02/12/2019";5056,35
"02/13/2019";5074,27
"02/14/2019";5062,52
"02/15/2019";5153,19
"02/19/2019";5160,52
"02/20/2019";5195,95
"02/21/2019";5196,11
"02/22/2019";5215,85
"02/25/2019";5231,85
"02/26/2019";5238,72
"02/27/2019";5225,35
"02/28/2019";5240,53
"03/01/2019";5265,19
"03/04/2019";5286,57
"03/05/2019";5297,52
"03/06/2019";5288,81
"03/07/2019";5267,92
"03/08/2019";5231,22
"03/11/2019";5265,96
"03/12/2019";5270,25
"03/13/2019";5306,38
"03/14/2019";5349,78
"03/15/2019";5405,32
"03/18/2019";5412,83
"03/19/2019";5425,9
"03/20/2019";5382,66
"03/21/2019";5378,85
"03/22/2019";5269,92
"03/25/2019";5260,64
"03/26/2019";5307,38
"03/27/2019";5301,24
"03/28/2019";5296,54
"03/29/2019";5350,53
"04/01/2019";5405,53
"04/02/2019";5423,47
"04/03/2019";5468,91
"04/04/2019";5463,8
"04/05/2019";5476,2
"04/08/2019";5471,78
"04/09/2019";5436,42
"04/10/2019";5449,88
"04/11/2019";5485,72
"04/12/2019";5502,7
"04/15/2019";5508,73
"04/16/2019";5528,67
"04/17/2019";5563,09
"04/18/2019";5580,38
"04/23/2019";5591,69
"04/24/2019";5576,06
"04/25/2019";5557,67
"04/26/2019";5569,36
"04/29/2019";5580,98
"04/30/2019";5586,41
"05/02/2019";5538,86
"05/03/2019";5548,84
"05/06/2019";5483,52
"05/07/2019";5395,75
"05/08/2019";5417,59
"05/09/2019";5313,16
"05/10/2019";5327,44
"05/13/2019";5262,57
"05/14/2019";5341,35
"05/15/2019";5374,26
"05/16/2019";5448,11
"05/17/2019";5438,23
"05/20/2019";5358,59
"05/21/2019";5385,46
"05/22/2019";5378,98
"05/23/2019";5281,37
"05/24/2019";5316,51
"05/28/2019";5312,69
"05/29/2019";5222,12
"05/30/2019";5248,91
"05/31/2019";5207,63
"06/03/2019";5241,46
"06/04/2019";5268,26
"06/05/2019";5292
"06/06/2019";5278,43
"06/07/2019";5364,05
"06/10/2019";5382,5
"06/11/2019";5408,45
"06/12/2019";5374,92
"06/13/2019";5375,63
"06/14/2019";5367,62
"06/17/2019";5390,95
"06/18/2019";5509,73
"06/19/2019";5518,45
"06/20/2019";5535,57
"06/21/2019";5528,33
"06/24/2019";5521,71
"06/25/2019";5514,57
"06/26/2019";5500,72
"06/27/2019";5493,61
"06/28/2019";5538,97
"07/01/2019";5567,91
"07/02/2019";5576,82
"07/03/2019";5618,81
"07/05/2019";5593,72
"07/08/2019";5589,19
"07/09/2019";5572,1
"07/10/2019";5567,59
"07/11/2019";5551,95
"07/12/2019";5572,86
"07/15/2019";5578,21
"07/16/2019";5614,38
"07/17/2019";5571,71
"07/18/2019";5550,55
"07/19/2019";5552,34
"07/22/2019";5567,02
"07/23/2019";5618,16
"07/24/2019";5605,87
"07/25/2019";5578,05
"07/26/2019";5610,05
"07/29/2019";5601,1
"07/30/2019";5511,07
"07/31/2019";5518,9
"08/01/2019";5557,41
"08/02/2019";5359
"08/05/2019";5241,55
"08/06/2019";5234,65
"08/07/2019";5266,51
"08/08/2019";5387,96
"08/09/2019";5327,92
"08/12/2019";5310,31
"08/13/2019";5363,07
"08/14/2019";5251,3
"08/15/2019";5236,93
"08/16/2019";5300,79
"08/19/2019";5371,56
"08/20/2019";5344,64
"08/21/2019";5435,48
"08/22/2019";5388,25
"08/23/2019";5326,87
"08/26/2019";5351,02
"08/27/2019";5387,09
"08/28/2019";5368,8
"08/29/2019";5449,97
"08/30/2019";5480,48
"09/03/2019";5466,07
"09/04/2019";5532,07
"09/05/2019";5593,37
"09/06/2019";5603,99
"09/09/2019";5588,95
"09/10/2019";5593,21
"09/11/2019";5618,06
"09/12/2019";5642,86
"09/13/2019";5655,46
"09/16/2019";5602,23
"09/17/2019";5615,51
"09/18/2019";5620,65
"09/19/2019";5659,08
"09/20/2019";5690,78
"09/23/2019";5630,76
"09/24/2019";5628,33
"09/25/2019";5583,8
"09/26/2019";5620,57
"09/27/2019";5640,58
"09/30/2019";5677,79
"10/01/2019";5597,63
"10/02/2019";5422,77
"10/03/2019";5438,77
"10/04/2019";5488,32
"10/07/2019";5521,61
"10/08/2019";5456,62
"10/09/2019";5499,14
"10/10/2019";5569,05
"10/11/2019";5665,48
"10/14/2019";5643,08
"10/15/2019";5702,05
"10/16/2019";5696,9
"10/17/2019";5673,07
"10/18/2019";5636,25
"10/21/2019";5648,35
"10/22/2019";5657,69
"10/23/2019";5653,44
"10/24/2019";5684,33
"10/25/2019";5722,15
"10/28/2019";5730,57
"10/29/2019";5740,14
"10/30/2019";5765,87
"10/31/2019";5729,86
"11/01/2019";5761,89
"11/04/2019";5824,3
"11/05/2019";5846,89
"11/06/2019";5866,74
"11/07/2019";5890,99
"11/08/2019";5889,7
"11/11/2019";5893,82
"11/12/2019";5919,75
"11/13/2019";5907,09
"11/14/2019";5901,08
"11/15/2019";5939,27
"11/18/2019";5929,79
"11/19/2019";5909,05
"11/20/2019";5894,03
"11/21/2019";5881,21
"11/22/2019";5893,13
"11/25/2019";5924,86
"11/26/2019";5929,62
"11/27/2019";5926,84
"11/29/2019";5905,17
"12/02/2019";5786,74
"12/03/2019";5727,22
"12/04/2019";5799,68
"12/05/2019";5801,55
"12/06/2019";5871,91
"12/09/2019";5837,25
"12/10/2019";5848,03
"12/11/2019";5860,88
"12/12/2019";5884,26
"12/13/2019";5919,02
"12/16/2019";5991,66
"12/17/2019";5968,26
"12/18/2019";5959,6
"12/19/2019";5972,28
"12/20/2019";6021,53
"12/23/2019";6029,37
"12/24/2019";6029,55
"12/27/2019";6037,39
"12/30/2019";5982,22
"12/31/2019";5978,06
"01/02/2020";6041,5
"01/03/2020";6044,16
"01/06/2020";6013,59
"01/07/2020";6012,35
"01/08/2020";6031
"01/09/2020";6042,55
"01/10/2020";6037,11
"01/13/2020";6036,14
"01/14/2020";6040,89
"01/15/2020";6032,61
"01/16/2020";6039,03
"01/17/2020";6100,72
"01/21/2020";6045,99
"01/22/2020";6010,98
"01/23/2020";5971,79
"01/24/2020";6024,26
"01/27/2020";5863,02
"01/28/2020";5925,82
"01/29/2020";5954,89
"01/30/2020";5871,77
"01/31/2020";5806,34
"02/03/2020";5832,51
"02/04/2020";5935,05
"02/05/2020";5985,4
"02/06/2020";6038,18
"02/07/2020";6029,75
"02/10/2020";6015,67
"02/11/2020";6054,76
"02/12/2020";6104,73
"02/13/2020";6093,14
"02/14/2020";6069,35
"02/18/2020";6056,82
"02/19/2020";6111,24
"02/20/2020";6062,3
"02/21/2020";6029,72
"02/24/2020";5791,87
"02/25/2020";5679,68
"02/26/2020";5684,55
"02/27/2020";5495,6
"02/28/2020";5309,9
"03/02/2020";5333,52
"03/03/2020";5393,17
"03/04/2020";5464,89
"03/05/2020";5361,1
"03/06/2020";5139,11
"03/09/2020";4707,91
"03/10/2020";4636,61
"03/11/2020";4610,25
"03/12/2020";4044,26
"03/13/2020";4118,36
"03/16/2020";3881,46
"03/17/2020";3991,78
"03/18/2020";3754,84
"03/19/2020";3855,5
"03/20/2020";4048,8
"03/23/2020";3914,31
"03/24/2020";4242,7
"03/25/2020";4432,3
"03/26/2020";4543,58
"03/27/2020";4351,49
"03/30/2020";4378,51
"03/31/2020";4396,12
"04/01/2020";4207,24
"04/02/2020";4220,96
"04/03/2020";4154,58
"04/06/2020";4346,14
"04/07/2020";4438,27
"04/08/2020";4442,75
"04/09/2020";4506,85
"04/14/2020";4523,91
"04/15/2020";4353,72
"04/16/2020";4350,16
"04/17/2020";4499,01
"04/20/2020";4528,3
"04/21/2020";4357,46
"04/22/2020";4411,8
"04/23/2020";4451
"04/24/2020";4393,32
"04/27/2020";4505,26
"04/28/2020";4569,79
"04/29/2020";4671,11
"04/30/2020";4572,18
"05/04/2020";4378,23
"05/05/2020";4483,13
"05/06/2020";4433,38
"05/07/2020";4501,44
"05/08/2020";4549,64
"05/11/2020";4490,22
"05/12/2020";4472,5
"05/13/2020";4344,95
"05/14/2020";4273,13
"05/15/2020";4277,63
"05/18/2020";4498,34
"05/19/2020";4458,16
"05/20/2020";4496,98
"05/21/2020";4445,45
"05/22/2020";4444,56
"05/26/2020";4606,24
"05/27/2020";4688,74
"05/28/2020";4771,39
"05/29/2020";4695,44
"06/01/2020";4762,78
"06/02/2020";4858,97
"06/03/2020";5022,38
"06/04/2020";5011,98
"06/05/2020";5197,79
"06/08/2020";5175,52
"06/09/2020";5095,11
"06/10/2020";5053,42
"06/11/2020";4815,6
"06/12/2020";4839,26
"06/15/2020";4815,72
"06/16/2020";4952,46
"06/17/2020";4995,97
"06/18/2020";4958,75
"06/19/2020";4979,45
"06/22/2020";4948,7
"06/23/2020";5017,68
"06/24/2020";4871,36
"06/25/2020";4918,58
"06/29/2020";4909,64
"06/30/2020";4935,99
"07/01/2020";4926,94
"07/02/2020";5049,38
"07/06/2020";5081,51
"07/07/2020";5043,73
"07/08/2020";4981,13
"07/09/2020";4921,01
"07/10/2020";4970,48
"07/13/2020";5056,23
"07/14/2020";5007,46
"07/15/2020";5108,98
"07/16/2020";5085,28
"07/17/2020";5069,42
"07/20/2020";5093,18
"07/21/2020";5104,28
"07/22/2020";5037,12
"07/23/2020";5033,76
"07/24/2020";4956,43
"07/27/2020";4939,62
"07/28/2020";4928,94
"07/29/2020";4958,74
"07/30/2020";4852,94
"07/31/2020";4783,69
"08/03/2020";4875,93
"08/04/2020";4889,52
"08/05/2020";4933,34
"08/06/2020";4885,13
"08/07/2020";4889,52
"08/10/2020";4909,51
"08/11/2020";5027,99
"08/12/2020";5073,31
"08/13/2020";5042,38
"08/14/2020";4962,93
"08/17/2020";4971,94
"08/18/2020";4938,06
"08/19/2020";4977,23
"08/20/2020";4911,24
"08/21/2020";4896,33
"08/24/2020";5007,89
"08/25/2020";5008,27
"08/26/2020";5048,43
"08/27/2020";5015,97
"08/28/2020";5002,94
"08/31/2020";4947,22
"09/01/2020";4938,1
"09/02/2020";5031,74
"09/03/2020";5009,52
"09/04/2020";4965,07
"09/08/2020";4973,52
"09/09/2020";5042,98
"09/10/2020";5023,93
"09/11/2020";5034,14
"09/14/2020";5051,88
"09/15/2020";5067,93
"09/16/2020";5074,42
"09/17/2020";5039,5
"09/18/2020";4978,18
"09/21/2020";4792,04
"09/22/2020";4772,84
"09/23/2020";4802,26
"09/24/2020";4762,62
"09/25/2020";4729,66
"09/28/2020";4843,27
"09/29/2020";4832,07
"09/30/2020";4803,44
"10/01/2020";4824,04
"10/02/2020";4824,88
"10/05/2020";4871,87
"10/06/2020";4895,46
"10/07/2020";4882
"10/08/2020";4911,94
"10/09/2020";4946,81
"10/12/2020";4979,29
"10/13/2020";4947,61
"10/14/2020";4941,66
"10/15/2020";4837,42
"10/16/2020";4935,86
"10/19/2020";4929,27
"10/20/2020";4929,28
"10/21/2020";4853,95
"10/22/2020";4851,38
"10/23/2020";4909,64
"10/26/2020";4816,12
"10/27/2020";4730,66
"10/28/2020";4571,12
"10/29/2020";4569,67
"10/30/2020";4594,24
"11/02/2020";4691,14
"11/03/2020";4805,61
"11/04/2020";4922,85
"11/05/2020";4983,99
"11/06/2020";4960,88
"11/09/2020";5336,32
"11/10/2020";5418,97
"11/11/2020";5445,21
"11/12/2020";5362,57
"11/13/2020";5380,16
"11/16/2020";5471,48
"11/17/2020";5483
"11/18/2020";5511,45
"11/19/2020";5474,66
"11/20/2020";5495,89
"11/23/2020";5492,15
"11/24/2020";5558,42
"11/25/2020";5571,29
"11/27/2020";5598,18
"11/30/2020";5518,55
"12/01/2020";5581,64
"12/02/2020";5583,01
"12/03/2020";5574,36
"12/04/2020";5609,15
"12/07/2020";5573,38
"12/08/2020";5560,67
"12/09/2020";5546,82
"12/10/2020";5549,65
"12/11/2020";5507,55
"12/14/2020";5527,84
"12/15/2020";5530,31
"12/16/2020";5547,68
"12/17/2020";5549,46
"12/18/2020";5527,84
"12/21/2020";5393,34
"12/22/2020";5466,86
"12/23/2020";5527,59
"12/24/2020";5522,01
"12/28/2020";5588,38
"12/29/2020";5611,79
"12/30/2020";5599,41
"12/31/2020";5551,41
"01/04/2021";5588,96
"01/05/2021";5564,6
"01/06/2021";5630,6
"01/07/2021";5669,85
"01/08/2021";5706,88
"01/11/2021";5662,43
"01/12/2021";5650,97
"01/13/2021";5662,67
"01/14/2021";5681,14
"01/15/2021";5611,69
"01/19/2021";5598,61
"01/20/2021";5628,44
"01/21/2021";5590,79
"01/22/2021";5559,57
"01/25/2021";5472,36
"01/26/2021";5523,52
"01/27/2021";5459,62
"01/28/2021";5510,52
"01/29/2021";5399,21
"02/01/2021";5461,68
"02/02/2021";5563,11
"02/03/2021";5563,05
"02/04/2021";5608,54
"02/05/2021";5659,26
"02/08/2021";5686,03
"02/09/2021";5691,54
"02/10/2021";5670,8
"02/11/2021";5669,82
"02/12/2021";5703,67
"02/16/2021";5786,53
"02/17/2021";5765,84
"02/18/2021";5728,33
"02/19/2021";5773,55
"02/22/2021";5767,44
"02/23/2021";5779,84
"02/24/2021";5797,98
"02/25/2021";5783,89
"02/26/2021";5703,22
"03/01/2021";5792,79
"03/02/2021";5809,73
"03/03/2021";5830,06
"03/04/2021";5830,65
"03/05/2021";5782,65
"03/08/2021";5902,99
"03/09/2021";5924,97
"03/10/2021";5990,55
"03/11/2021";6033,76
"03/12/2021";6046,55
"03/15/2021";6035,97
"03/16/2021";6055,43
"03/17/2021";6054,82
"03/18/2021";6062,79
"03/19/2021";5997,96
"03/22/2021";5968,48
"03/23/2021";5945,3
"03/24/2021";5947,29
"03/25/2021";5952,41
"03/26/2021";5988,81
"03/29/2021";6015,51
"03/30/2021";6088,04
"03/31/2021";6067,23
"04/01/2021";6102,96
"04/06/2021";6131,34
"04/07/2021";6130,66
"04/08/2021";6165,72
"04/09/2021";6169,41
"04/12/2021";6161,68
"04/13/2021";6184,1
"04/14/2021";6208,58
"04/15/2021";6234,14
"04/16/2021";6287,07
"04/19/2021";6296,69
"04/20/2021";6165,11
"04/21/2021";6210,55
"04/22/2021";6267,28
"04/23/2021";6257,94
"04/26/2021";6275,52
"04/27/2021";6273,76
"04/28/2021";6306,98
"04/29/2021";6302,57
"04/30/2021";6269,48
"05/03/2021";6307,9
"05/04/2021";6251,75
"05/05/2021";6339,47
"05/06/2021";6357,09
"05/07/2021";6385,51
"05/10/2021";6385,99
"05/11/2021";6267,39
"05/12/2021";6279,35
"05/13/2021";6288,33
"05/14/2021";6385,14
"05/17/2021";6367,35
"05/18/2021";6353,67
"05/19/2021";6262,55
"05/20/2021";6343,58
"05/21/2021";6386,41
"05/24/2021";6408,49
"05/25/2021";6390,27
"05/26/2021";6391,6
"05/27/2021";6435,71
"05/28/2021";6484,11
"06/01/2021";6489,4
"06/02/2021";6521,52
"06/03/2021";6507,92
"06/04/2021";6515,66
"06/07/2021";6543,56
"06/08/2021";6551,01
"06/09/2021";6563,45
"06/10/2021";6546,49
"06/11/2021";6600,66
"06/14/2021";6616,35
"06/15/2021";6639,52
"06/16/2021";6652,65
"06/17/2021";6666,26
"06/18/2021";6569,16
"06/21/2021";6602,54
"06/22/2021";6611,5
"06/23/2021";6551,07
"06/24/2021";6631,15
"06/25/2021";6622,87
"06/28/2021";6558,02
"06/29/2021";6567,43
"06/30/2021";6507,83
"07/01/2021";6553,82
"07/02/2021";6552,86
"07/06/2021";6507,48
"07/07/2021";6527,72
"07/08/2021";6396,73
"07/09/2021";6529,42
"07/12/2021";6559,25
"07/13/2021";6558,47
"07/14/2021";6558,38
"07/15/2021";6493,36
"07/16/2021";6460,08
"07/19/2021";6295,97
"07/20/2021";6346,85
"07/21/2021";6464,48
"07/22/2021";6481,59
"07/23/2021";6568,82
"07/26/2021";6578,6
"07/27/2021";6531,92
"07/28/2021";6609,31
"07/29/2021";6633,77
"07/30/2021";6612,76
"08/02/2021";6675,9
"08/03/2021";6723,81
"08/04/2021";6746,23
"08/05/2021";6781,19
"08/06/2021";6816,96
"08/09/2021";6813,18
"08/10/2021";6820,21
"08/11/2021";6857,99
"08/12/2021";6882,47
"08/13/2021";6896,04
"08/16/2021";6838,77
"08/17/2021";6819,84
"08/18/2021";6770,11
"08/19/2021";6605,89
"08/20/2021";6626,11
"08/23/2021";6683,1
"08/24/2021";6664,31
"08/25/2021";6676,48
"08/26/2021";6666,03
"08/27/2021";6681,92
"08/30/2021";6687,3
"08/31/2021";6680,18
"09/01/2021";6758,69
"09/02/2021";6763,08
"09/03/2021";6689,99
"09/07/2021";6726,07
"09/08/2021";6668,89
"09/09/2021";6684,72
"09/10/2021";6663,77
"09/13/2021";6676,93
"09/14/2021";6652,97
"09/15/2021";6583,62
"09/16/2021";6622,59
"09/17/2021";6570,19
"09/20/2021";6455,81
"09/21/2021";6552,73
"09/22/2021";6637
"09/23/2021";6701,98
"09/24/2021";6638,46
"09/27/2021";6650,91
"09/28/2021";6506,5
"09/29/2021";6560,8
"09/30/2021";6520,01
"10/01/2021";6517,69
"10/04/2021";6477,66
"10/05/2021";6576,28
"10/06/2021";6493,12
"10/07/2021";6600,19
"10/08/2021";6559,99
"10/11/2021";6570,54
"10/12/2021";6548,11
"10/13/2021";6597,38
"10/14/2021";6685,21
"10/15/2021";6727,52
"10/18/2021";6673,1
"10/19/2021";6669,85
"10/20/2021";6705,61
"10/21/2021";6686,17
"10/22/2021";6733,69
"10/25/2021";6712,87
"10/26/2021";6766,51
"10/27/2021";6753,52
"10/28/2021";6804,22
"10/29/2021";6830,34
"11/01/2021";6893,29
"11/02/2021";6927,03
"11/03/2021";6950,65
"11/04/2021";6987,79
"11/05/2021";7040,79
"11/08/2021";7047,48
"11/09/2021";7043,27
"11/10/2021";7045,16
"11/11/2021";7059,55
"11/12/2021";7091,4
"11/15/2021";7128,63
"11/16/2021";7152,6
"11/17/2021";7156,85
"11/18/2021";7141,98
"11/19/2021";7112,29
"11/22/2021";7105
"11/23/2021";7044,62
"11/24/2021";7042,23
"11/26/2021";6739,73
"11/29/2021";6776,25
"11/30/2021";6721,16
"12/01/2021";6881,87
"12/02/2021";6795,75
"12/03/2021";6765,52
"12/06/2021";6865,78
"12/07/2021";7065,39
"12/08/2021";7014,57
"12/09/2021";7008,23
"12/10/2021";6991,68
"12/13/2021";6942,91
"12/14/2021";6895,31
"12/15/2021";6927,63
"12/16/2021";7005,07
"12/17/2021";6926,63
"12/20/2021";6870,1
"12/21/2021";6964,99
"12/22/2021";7051,67
"12/23/2021";7106,15
"12/27/2021";7140,39
"12/28/2021";7181,11
"12/29/2021";7161,52
"12/30/2021";7173,23
"12/31/2021";7153,03
"01/03/2022";7217,22
"01/04/2022";7317,41
"01/05/2022";7376,37
"01/06/2022";7249,66
"01/07/2022";7219,48
"01/10/2022";7115,77
"01/11/2022";7183,38
"01/12/2022";7237,19
"01/13/2022";7201,14
"01/14/2022";7143
"01/18/2022";7133,83
"01/19/2022";7172,98
"01/20/2022";7194,16
"01/21/2022";7068,59
"01/24/2022";6787,79
"01/25/2022";6837,96
"01/26/2022";6981,96
"01/27/2022";7023,8
"01/28/2022";6965,88
"01/31/2022";6999,2
"02/01/2022";7099,49
"02/02/2022";7115,27
"02/03/2022";7005,63
"02/04/2022";6951,38
"02/07/2022";7009,25
"02/08/2022";7028,41
"02/09/2022";7130,88
"02/10/2022";7101,55
"02/11/2022";7011,6
"02/14/2022";6852,2
"02/15/2022";6979,97
"02/16/2022";6964,98
"02/17/2022";6946,82
"02/18/2022";6929,63
"02/22/2022";6787,6
"02/23/2022";6780,67
"02/24/2022";6521,05
"02/25/2022";6752,43
"02/28/2022";6658,83
"03/01/2022";6396,49
"03/02/2022";6498,02
"03/03/2022";6378,37
"03/04/2022";6061,66
"03/07/2022";5982,27
"03/08/2022";5962,96
"03/09/2022";6387,83
"03/10/2022";6207,2
"03/11/2022";6260,25
"03/14/2022";6369,94
"03/15/2022";6355
"03/16/2022";6588,64
"03/17/2022";6612,52
"03/18/2022";6620,24
"03/21/2022";6582,33
"03/22/2022";6659,41
"03/23/2022";6581,43
"03/24/2022";6555,77
"03/25/2022";6553,68
"03/28/2022";6589,11
"03/29/2022";6792,16
"03/30/2022";6741,59
"03/31/2022";6659,87
"04/01/2022";6684,31
"04/04/2022";6731,37
"04/05/2022";6645,51
"04/06/2022";6498,83
"04/07/2022";6461,68
"04/08/2022";6548,22
"04/11/2022";6555,81
"04/12/2022";6537,41
"04/13/2022";6542,14
"04/14/2022";6589,35
"04/19/2022";6534,79
"04/20/2022";6624,91
"04/21/2022";6715,1
"04/22/2022";6581,42
"04/25/2022";6449,38
"04/26/2022";6414,57
"04/27/2022";6445,26
"04/28/2022";6508,14
"04/29/2022";6533,77
"05/02/2022";6425,61
"05/03/2022";6476,18
"05/04/2022";6395,68
"05/05/2022";6368,4
"05/06/2022";6258,36
"05/09/2022";6086,02
"05/10/2022";6116,91
"05/11/2022";6269,73
"05/12/2022";6206,26
"05/13/2022";6362,68
"05/16/2022";6347,77
"05/17/2022";6430,19
"05/18/2022";6352,94
"05/19/2022";6272,71
"05/20/2022";6285,24
"05/23/2022";6358,74
"05/24/2022";6253,14
"05/25/2022";6298,64
"05/26/2022";6410,58
"05/27/2022";6515,75
"05/31/2022";6468,8
"06/01/2022";6418,89
"06/02/2022";6500,44
"06/03/2022";6485,3
"06/06/2022";6548,78
"06/07/2022";6500,35
"06/08/2022";6448,63
"06/09/2022";6358,46
"06/10/2022";6187,23
"06/13/2022";6022,32
"06/14/2022";5949,84
"06/15/2022";6030,13
"06/16/2022";5886,24
"06/17/2022";5882,65
"06/21/2022";5964,66
"06/22/2022";5916,63
"06/23/2022";5883,33
"06/24/2022";6073,35
"06/27/2022";6047,31
"06/28/2022";6086,02
"06/29/2022";6031,48
"06/30/2022";5922,86
"07/01/2022";5931,06
"07/05/2022";5794,96
"07/06/2022";5912,38
"07/07/2022";6006,7
"07/08/2022";6033,13
"07/11/2022";5996,3
"07/12/2022";6044,2
"07/13/2022";6000,24
"07/14/2022";5915,41
"07/15/2022";6036
"07/18/2022";6091,91
"07/19/2022";6201,22
"07/20/2022";6184,66
"07/21/2022";6201,11
"07/22/2022";6216,82
"07/25/2022";6237,55
"07/26/2022";6211,45
"07/27/2022";6257,94
"07/28/2022";6339,21
"07/29/2022";6448,5
"08/01/2022";6436,86
"08/02/2022";6409,8
"08/03/2022";6472,06
"08/04/2022";6513,39
"08/05/2022";6472,35
"08/08/2022";6524,44
"08/09/2022";6490
"08/10/2022";6523,44
"08/11/2022";6544,67
"08/12/2022";6553,86
"08/15/2022";6569,95
"08/16/2022";6592,58
"08/17/2022";6528,32
"08/18/2022";6557,4
"08/19/2022";6495,83
"08/22/2022";6378,74
"08/23/2022";6362,02
"08/24/2022";6386,76
"08/25/2022";6381,56
"08/26/2022";6274,26
"08/29/2022";6222,28
"08/30/2022";6210,22
"08/31/2022";6125,1
"09/01/2022";6034,31
"09/02/2022";6167,51
"09/06/2022";6104,61
"09/07/2022";6105,92
"09/08/2022";6125,9
"09/09/2022";6212,33
"09/12/2022";6333,59
"09/13/2022";6245,69
"09/14/2022";6222,41
"09/15/2022";6157,84
"09/16/2022";6077,3
"09/19/2022";6061,59
"09/20/2022";5979,47
"09/21/2022";6031,33
"09/22/2022";5918,5
"09/23/2022";5783,41
"09/26/2022";5769,39
"09/27/2022";5753,82
"09/28/2022";5765,01
"09/29/2022";5676,87
"09/30/2022";5762,34
"10/03/2022";5794,15
"10/04/2022";6039,69
"10/05/2022";5985,46
"10/06/2022";5936,42
"10/07/2022";5866,94
"10/10/2022";5840,55
"10/11/2022";5833,2
"10/12/2022";5818,47
"10/13/2022";5879,19
"10/14/2022";5931,92
"10/17/2022";6040,66
"10/18/2022";6067
"10/19/2022";6040,72
"10/20/2022";6086,9
"10/21/2022";6035,39
"10/24/2022";6131,36
"10/25/2022";6250,55
"10/26/2022";6276,31
"10/27/2022";6244,03
"10/28/2022";6273,05
"10/31/2022";6266,77
"11/01/2022";6328,25
"11/02/2022";6276,88
"11/03/2022";6243,28
"11/04/2022";6416,44
"11/07/2022";6416,61
"11/08/2022";6441,5
"11/09/2022";6430,57
"11/10/2022";6556,83
"11/11/2022";6594,62
"11/14/2022";6609,17
"11/15/2022";6641,66
"11/16/2022";6607,22
"11/17/2022";6576,12
"11/18/2022";6644,46
"11/21/2022";6634,45
"11/22/2022";6657,53
"11/23/2022";6679,09
"11/25/2022";6712,48
"11/28/2022";6665,2
"11/29/2022";6668,97
"11/30/2022";6738,55
"12/01/2022";6753,97
"12/02/2022";6742,25
"12/05/2022";6696,96
"12/06/2022";6687,79
"12/07/2022";6660,59
"12/08/2022";6647,31
"12/09/2022";6677,64
"12/12/2022";6650,55
"12/13/2022";6744,98
"12/14/2022";6730,79
"12/15/2022";6522,77
"12/16/2022";6452,63
"12/19/2022";6473,29
"12/20/2022";6450,43
"12/21/2022";6580,24
"12/22/2022";6517,97
"12/23/2022";6504,9
"12/27/2022";6550,66
"12/28/2022";6510,49
"12/29/2022";6573,47
"12/30/2022";6473,76
"01/03/2023";6623,89
"01/04/2023";6776,43
"01/05/2023";6761,5
"01/06/2023";6860,95
"01/09/2023";6907,36
"01/10/2023";6869,14
"01/11/2023";6924,19
"01/12/2023";6975,68
"01/13/2023";7023,5
"01/17/2023";7077,16
"01/18/2023";7083,39
"01/19/2023";6951,87
"01/20/2023";6995,99
"01/23/2023";7032,02
"01/24/2023";7050,48
"01/25/2023";7043,88
"01/26/2023";7095,99
"01/27/2023";7097,21
"01/30/2023";7082,01
"01/31/2023";7082,42
"02/01/2023";7077,11
"02/02/2023";7166,27
"02/03/2023";7233,94
"02/06/2023";7137,1
"02/07/2023";7132,35
"02/08/2023";7119,83
"02/09/2023";7188,36
"02/10/2023";7129,73
"02/13/2023";7208,59
"02/14/2023";7213,81
"02/15/2023";7300,86
"02/16/2023";7366,16
"02/17/2023";7347,72
"02/21/2023";7308,65
"02/22/2023";7299,26
"02/23/2023";7317,43
"02/24/2023";7187,27
"02/27/2023";7295,55
"02/28/2023";7267,93
"03/01/2023";7234,25
"03/02/2023";7284,22
"03/03/2023";7348,12
"03/06/2023";7373,21
"03/07/2023";7339,27
"03/08/2023";7324,76
"03/09/2023";7315,88
"03/10/2023";7220,67
"03/13/2023";7011,5
"03/14/2023";7141,57
"03/15/2023";6885,71
"03/16/2023";7025,72
"03/17/2023";6925,4
"03/20/2023";7013,14
"03/21/2023";7112,91
"03/22/2023";7131,12
"03/23/2023";7139,25
"03/24/2023";7015,1
"03/27/2023";7078,27
"03/28/2023";7088,34
"03/29/2023";7186,99
"03/30/2023";7263,37
"03/31/2023";7322,39
"04/03/2023";7345,96
"04/04/2023";7344,96
"04/05/2023";7316,3
"04/06/2023";7324,75
"04/11/2023";7390,28
"04/12/2023";7396,94
"04/13/2023";7480,83
"04/14/2023";7519,61
"04/17/2023";7498,18
"04/18/2023";7533,63
"04/19/2023";7549,44
"04/20/2023";7538,71
"04/21/2023";7577
"04/24/2023";7573,86
"04/25/2023";7531,61
"04/26/2023";7466,66
"04/27/2023";7483,84
"04/28/2023";7491,5
"05/02/2023";7383,2
"05/03/2023";7403,83
"05/04/2023";7340,77
"05/05/2023";7432,93
"05/08/2023";7440,91
"05/09/2023";7397,17
"05/10/2023";7361,2
"05/11/2023";7381,78
"05/12/2023";7414,85
"05/15/2023";7418,21
"05/16/2023";7406,01
"05/17/2023";7399,44
"05/18/2023";7446,89
"05/19/2023";7491,96
"05/22/2023";7478,16
"05/23/2023";7378,71
"05/24/2023";7253,46
"05/25/2023";7229,27
"05/26/2023";7319,18
"05/30/2023";7209,75
"05/31/2023";7098,7
"06/01/2023";7137,43
"06/02/2023";7270,69
"06/05/2023";7200,91
"06/06/2023";7209
"06/07/2023";7202,79
"06/08/2023";7222,15
"06/09/2023";7213,14
"06/12/2023";7250,35
"06/13/2023";7290,8
"06/14/2023";7328,53
"06/15/2023";7290,91
"06/16/2023";7388,65
"06/20/2023";7294,17
"06/21/2023";7260,97
"06/22/2023";7203,28
"06/23/2023";7163,42
"06/26/2023";7184,35
"06/27/2023";7215,58
"06/28/2023";7286,32
"06/29/2023";7312,73
"06/30/2023";7400,06
"07/03/2023";7386,7
"07/05/2023";7310,81
"07/06/2023";7082,29
"07/07/2023";7111,88
"07/10/2023";7143,69
"07/11/2023";7220,01
"07/12/2023";7333,01
"07/13/2023";7369,8
"07/14/2023";7374,54
"07/17/2023";7291,66
"07/18/2023";7319,18
"07/19/2023";7326,94
"07/20/2023";7384,91
"07/21/2023";7432,77
"07/24/2023";7427,31
"07/25/2023";7415,45
"07/26/2023";7315,07
"07/27/2023";7465,24
"07/28/2023";7476,47
"07/31/2023";7497,78
"08/01/2023";7406,08
"08/02/2023";7312,84
"08/03/2023";7260,53
"08/04/2023";7315,07
"08/07/2023";7319,76
"08/08/2023";7269,47
"08/09/2023";7322,04
"08/10/2023";7433,62
"08/11/2023";7340,19
"08/14/2023";7348,84
"08/15/2023";7267,7
"08/16/2023";7260,25
"08/17/2023";7191,74
"08/18/2023";7164,11
"08/21/2023";7198,06
"08/22/2023";7240,88
"08/23/2023";7246,62
"08/24/2023";7214,46
"08/25/2023";7229,6
"08/28/2023";7324,71
"08/29/2023";7373,43
"08/30/2023";7364,4
"08/31/2023";7316,7
"09/01/2023";7296,77
"09/05/2023";7254,72
"09/06/2023";7194,09
"09/07/2023";7196,1
"09/08/2023";7240,77
"09/11/2023";7278,27
"09/12/2023";7252,88
"09/13/2023";7222,57
"09/14/2023";7308,67
"09/15/2023";7378,82
"09/18/2023";7276,14
"09/19/2023";7282,12
"09/20/2023";7330,79
"09/21/2023";7213,9
"09/22/2023";7184,82
"09/25/2023";7123,88
"09/26/2023";7074,02
"09/27/2023";7071,79
"09/28/2023";7116,24
"09/29/2023";7135,06
"10/02/2023";7068,16
"10/03/2023";6997,05
"10/04/2023";6996,73
"10/05/2023";6998,25
"10/06/2023";7060,15
"10/09/2023";7021,4
"10/10/2023";7162,43
"10/11/2023";7131,21
"10/12/2023";7104,53
"10/13/2023";7003,53
"10/16/2023";7022,19
"10/17/2023";7029,7
"10/18/2023";6965,99
"10/19/2023";6921,37
"10/20/2023";6816,22
"10/23/2023";6850,47
"10/24/2023";6893,65
"10/25/2023";6915,07
"10/26/2023";6888,96
"10/27/2023";6795,38
"10/30/2023";6825,07
"10/31/2023";6885,65
"11/01/2023";6932,63
"11/02/2023";7060,69
"11/03/2023";7047,5
"11/06/2023";7013,73
"11/07/2023";6986,23
"11/08/2023";7034,16
"11/09/2023";7113,66
"11/10/2023";7045,04
"11/13/2023";7087,06
"11/14/2023";7185,68
"11/15/2023";7209,61
"11/16/2023";7168,4
"11/17/2023";7233,91
"11/20/2023";7246,93
"11/21/2023";7229,45
"11/22/2023";7260,73
"11/24/2023";7292,8
"11/27/2023";7265,49
"11/28/2023";7250,13
"11/29/2023";7267,64
"11/30/2023";7310,77
"12/01/2023";7346,15
"12/04/2023";7332,59
"12/05/2023";7386,99
"12/06/2023";7435,99
"12/07/2023";7428,52
"12/08/2023";7526,55
"12/11/2023";7551,53
"12/12/2023";7543,55
"12/13/2023";7531,22
"12/14/2023";7575,85
"12/15/2023";7596,91
"12/18/2023";7568,86
"12/19/2023";7574,67
"12/20/2023";7583,43
"12/21/2023";7571,4
"12/22/2023";7568,82
"12/27/2023";7571,82
"12/28/2023";7535,16
"12/29/2023";7543,18
"01/02/2024";7530,86
"01/03/2024";7411,86
"01/04/2024";7450,63
"01/05/2024";7420,69
"01/08/2024";7450,24
"01/09/2024";7426,62
"01/10/2024";7426,08
"01/11/2024";7387,62
"01/12/2024";7465,14
"01/15/2024";7411,68
"01/16/2024";7398
"01/17/2024";7318,69
"01/18/2024";7401,35
"01/19/2024";7371,64
"01/22/2024";7413,25
"01/23/2024";7388,04
"01/24/2024";7455,64
"01/25/2024";7464,2
"01/26/2024";7634,14
"01/29/2024";7640,81
"01/30/2024";7677,47
"01/31/2024";7656,75
"02/01/2024";7588,75
"02/02/2024";7592,26
"02/05/2024";7589,96
"02/06/2024";7638,97
"02/07/2024";7611,26
"02/08/2024";7665,63
"02/09/2024";7647,52
"02/12/2024";7689,8
"02/13/2024";7625,31
"02/14/2024";7677,35
"02/15/2024";7743,42
"02/16/2024";7768,18
"02/19/2024";7768,55
"02/20/2024";7795,22
"02/21/2024";7812,09
"02/22/2024";7911,6
"02/23/2024";7966,68
"02/26/2024";7929,82
"02/27/2024";7948,4
"02/28/2024";7954,39
"02/29/2024";7927,43
"03/01/2024";7934,17
"03/04/2024";7956,41
"03/05/2024";7932,82
"03/06/2024";7954,74
"03/07/2024";8016,22
"03/08/2024";8028,01
"03/11/2024";8019,73
"03/12/2024";8087,48
"03/13/2024";8137,58
"03/14/2024";8161,42
"03/15/2024";8164,35
"03/18/2024";8148,14
"03/19/2024";8201,05
"03/20/2024";8161,41
"03/21/2024";8179,72
"03/22/2024";8151,92
"03/25/2024";8151,6
"03/26/2024";8184,75
"03/27/2024";8204,81
"03/28/2024";8205,81
"04/02/2024";8130,05
"04/03/2024";8153,23
"04/04/2024";8151,55
"04/05/2024";8061,31
"04/08/2024";8119,3
"04/09/2024";8049,17
"04/10/2024";8045,38
"04/11/2024";8023,74
"04/12/2024";8010,83
"04/15/2024";8045,11
"04/16/2024";7932,61
"04/17/2024";7981,51
"04/18/2024";8023,26
"04/19/2024";8022,41
"04/22/2024";8040,36
"04/23/2024";8105,78
"04/24/2024";8091,86
"04/25/2024";8016,65
"04/26/2024";8088,24
"04/29/2024";8065,15
"04/30/2024";7984,93
"05/02/2024";7914,65
"05/09/2024";8187,65
"05/10/2024";8219,14
"05/13/2024";8209,28
"05/14/2024";8225,8
"05/15/2024";8239,99
"05/16/2024";8188,49
"05/17/2024";8167,5
"05/20/2024";8195,97
"05/21/2024";8141,46
"05/22/2024";8092,11
"05/23/2024";8102,33
"05/24/2024";8094,97
"05/28/2024";8057,8
"05/29/2024";7935,03
"05/30/2024";7978,51
"05/31/2024";7992,87
"06/03/2024";7998,02
"06/04/2024";7937,9
"06/05/2024";8006,57
"06/06/2024";8040,12
"06/07/2024";8001,8
"06/10/2024";7893,98
"06/11/2024";7789,21
"06/12/2024";7864,7
"06/13/2024";7708,02
"06/14/2024";7503,27
"06/17/2024";7571,57
"06/18/2024";7628,8
"06/20/2024";7671,34
"06/21/2024";7628,57
"06/24/2024";7706,89
"06/25/2024";7662,3
"06/26/2024";7609,15
"06/27/2024";7530,72
"06/28/2024";7479,4
"07/01/2024";7561,13
"07/02/2024";7538,29
"07/03/2024";7632,08
"07/05/2024";7675,62
"07/08/2024";7627,45
"07/09/2024";7508,66
"07/10/2024";7573,55
"07/11/2024";7627,13
"07/12/2024";7724,32
"07/15/2024";7632,71
"07/16/2024";7580,03
"07/17/2024";7570,81
"07/18/2024";7586,55
"07/19/2024";7534,52
"07/22/2024";7622,02
"07/23/2024";7598,63
"07/24/2024";7513,73
"07/25/2024";7427,02
"07/26/2024";7517,68
"07/29/2024";7443,84
"07/30/2024";7474,94
"07/31/2024";7531,49
"08/01/2024";7370,45
"08/02/2024";7251,8
"08/05/2024";7148,99
"08/06/2024";7130,04
"08/07/2024";7266,01
"08/08/2024";7247,45
"08/09/2024";7269,71
"08/12/2024";7250,67
"08/13/2024";7275,87
"08/14/2024";7333,36
"08/15/2024";7423,37
"08/16/2024";7449,7
"08/19/2024";7502,01
"08/20/2024";7485,73
"08/21/2024";7524,72
"08/22/2024";7524,11
"08/23/2024";7577,04
"08/26/2024";7590,37
"08/27/2024";7565,78
"08/28/2024";7577,67
"08/29/2024";7640,95
"08/30/2024";7630,95
"09/02/2024";7646,42
"09/03/2024";7575,1
"09/04/2024";7500,97
"09/05/2024";7431,96
"09/06/2024";7352,3
"09/09/2024";7425,26
"09/10/2024";7407,55
"09/11/2024";7396,83
"09/12/2024";7435,07
"09/13/2024";7465,25
"09/16/2024";7449,44
"09/17/2024";7487,42
"09/18/2024";7444,9
"09/19/2024";7615,41
"09/20/2024";7500,26
"09/23/2024";7508,08
"09/24/2024";7604,01
"09/25/2024";7565,62
"09/26/2024";7742,09
"09/27/2024";7791,79
"09/30/2024";7635,75
"10/01/2024";7574,07
"10/02/2024";7577,59
"10/03/2024";7477,78
"10/04/2024";7541,36
"10/07/2024";7576,02
"10/08/2024";7521,32
"10/09/2024";7560,09
"10/10/2024";7541,59
"10/11/2024";7577,89
"10/14/2024";7602,06
"10/15/2024";7521,97
"10/16/2024";7492
"10/17/2024";7583,73
"10/18/2024";7613,05
"10/21/2024";7536,23
"10/22/2024";7535,1
"10/23/2024";7497,48
"10/24/2024";7503,28
"10/25/2024";7497,54
"10/28/2024";7556,94
"10/29/2024";7511,11
"10/30/2024";7428,36
"10/31/2024";7350,37
"11/01/2024";7409,11
"11/04/2024";7371,71
"11/05/2024";7407,15
"11/06/2024";7369,61
"11/07/2024";7425,6
"11/08/2024";7338,67
"11/11/2024";7426,88
"11/12/2024";7226,98
"11/13/2024";7216,83
"11/14/2024";7311,8
"11/15/2024";7269,63
"11/18/2024";7278,23
"11/19/2024";7229,64
"11/20/2024";7198,45
"11/21/2024";7213,32
"11/22/2024";7255,01
"11/25/2024";7257,47
"11/26/2024";7194,51
"11/27/2024";7143,03
"11/28/2024";7179,25
"11/29/2024";7235,11
"12/02/2024";7236,89
"12/03/2024";7255,42
"12/04/2024";7303,28
"12/05/2024";7330,54
"12/06/2024";7426,88
"12/09/2024";7480,14
"12/10/2024";7394,78
"12/11/2024";7423,4
"12/12/2024";7420,94
"12/13/2024";7409,57
"12/16/2024";7357,08
"12/17/2024";7365,7
"12/18/2024";7384,62
"12/19/2024";7294,37
"12/20/2024";7274,48
"12/23/2024";7272,32
"12/24/2024";7282,69
"12/27/2024";7355,37
"12/30/2024";7313,56
"12/31/2024";7380,74
"01/02/2025";7393,76
"01/03/2025";7282,22
"01/06/2025";7445,69
"01/07/2025";7489,35
"01/08/2025";7452,42
"01/09/2025";7490,28
"01/10/2025";7431,04
"01/13/2025";7408,64
"01/14/2025";7423,67
"01/15/2025";7474,59
"01/16/2025";7634,74
"01/17/2025";7709,75
"01/20/2025";7733,5
"01/21/2025";7770,95
"01/22/2025";7837,4
"01/23/2025";7892,61
"01/24/2025";7927,62
"01/27/2025";7906,58
"01/28/2025";7897,37
"01/29/2025";7872,48
"01/30/2025";7941,64
"01/31/2025";7950,17
"02/03/2025";7854,92
"02/04/2025";7906,4
"02/05/2025";7891,68
"02/06/2025";8007,62
"02/07/2025";7973,03
"02/10/2025";8006,22
"02/11/2025";8028,9
"02/12/2025";8042,19
"02/13/2025";8164,11
"02/14/2025";8178,54
"02/17/2025";8189,13
"02/18/2025";8206,56
"02/19/2025";8110,54
"02/20/2025";8122,58
"02/21/2025";8154,51
"02/24/2025";8090,99
"02/25/2025";8051,07
"02/26/2025";8143,92
"02/27/2025";8102,52
"02/28/2025";8111,63
"03/03/2025";8199,71
"03/04/2025";8047,92
"03/05/2025";8173,75
"03/06/2025";8197,67
"03/07/2025";8120,8
"03/10/2025";8047,6
"03/11/2025";7941,91
"03/12/2025";7988,96
"03/13/2025";7938,21
"03/14/2025";8028,28
"03/17/2025";8073,98
"03/18/2025";8114,57
"03/19/2025";8171,47
"03/20/2025";8094,2
"03/21/2025";8042,95
"03/24/2025";8022,33
"03/25/2025";8108,59
"03/26/2025";8030,68
"03/27/2025";7990,11
"03/28/2025";7916,08
"03/31/2025";7790,71
"04/01/2025";7876,36
"04/02/2025";7858,83
"04/03/2025";7598,98
"04/04/2025";7274,95
"04/07/2025";6927,12
"04/08/2025";7100,42
"04/09/2025";6863,02
"04/10/2025";7126,02
"04/11/2025";7104,8
"04/14/2025";7273,12
"04/15/2025";7335,4
"04/16/2025";7329,97
"04/17/2025";7285,86
"04/22/2025";7326,47
"04/23/2025";7482,36
"04/24/2025";7502,78
"04/25/2025";7536,26
"04/28/2025";7573,76
"04/29/2025";7555,87
"04/30/2025";7593,87
"05/02/2025";7770,48